날짜,평균기온(℃),최고기온(℃),,,,,,,Jun-05,24.1,34.7,,,27.9,29.9,29.9,28.5,,,,,,,,,,,,,,,,
	2006-06-06,21.9,27.3,,,,,,,2007,24.8,33.2,,,30.8,24.6,24.6,29.8,,,,,,,,,,,,,,,,
	2006-06-07,21.9,26.5,,,,,,,2008,24,35.4,,,26.7,21,21,29.4,,,,,,,,,,,,,,,,
	2006-06-08,20.1,24,,,,,,,2009,24.2,34.4,,,28.4,27.8,27.8,31.5,,,,,,,,,29.9,,,,,,,
	2006-06-09,21,26.2,,,,,,,2010,25.2,33.8,,,30.4,26.1,26.1,22,,,,,,,,,29.1,,,,,,,
	2006-06-10,17.3,20.6,,,,,,,2011,24.1,34.1,,,30,31.1,31.1,28.9,,,,,,,,,27.7,,,,,,,
	2006-06-11,16.9,17.8,,,,,,,2012,25.6,36.7,,,31.1,27.1,27.1,31.5,,,,,,,,,26.3,,,,,,,
	2006-06-12,21.3,28.3,,,,,,,2013,25.9,33.9,,,31.2,24.5,24.5,27.8,,,,,,,,,32.2,,,,,,,
	2006-06-13,23.5,28.8,,,,,,,2014,24.8,35.8,,,32.4,28.7,28.7,28.1,,,,,,,,,28.4,,,,,,,
	2006-06-14,19,22.1,,,,,,,2015,25.2,36,,,32.2,29.3,29.3,34.9,,,,,,,,,25.9,,,,,,,
	2006-06-15,18.5,22.7,,,,,,,2016,26,36.6,,,26.7,26.9,26.9,30.2,,,,,,,,,27.7,,,,,,,
	2006-06-16,21.4,27.3,,,,,,,2017,25.4,35.4,,,22.5,27.1,27.1,29.9,,,,,,,,,31.3,,,,,,,
	2006-06-17,22.2,26.3,,,,,,,2018,26.6,,,,27.5,25.8,25.8,30.9,,,,,,,,,31.3,,,,,,,
	2006-06-18,21.5,27.2,,,,,,,2019,25.2,,,,29.7,27.7,27.7,27.7,,,,,,,,,26.5,,,,,,,
	2006-06-19,22.9,28.7,,,,,,,2020,24.9,,,,29.1,28.5,28.5,30.6,,,,,,,,,26.7,,,,,,,
	2006-06-20,22.5,26.2,,,,,,,2021,25.6,,,,27.5,29,29,30.9,,,,,,,,,29.6,,,,,,,
	2006-06-21,19.2,20.1,,,,,,,2022,25.5,36.1,,,25.8,30.7,30.7,30.8,,,,,,,,,29.5,,,,,,,
	2006-06-22,22.6,28.8,,,,,,,,,,,,23.1,29.1,29.1,31.3,,,,,,,,,24.5,,,,,,,
	2006-06-23,23.9,29.3,,,,,,,,,,,,29.6,25.6,25.6,29.9,,,,,,,,,24.9,,,,,,,
	2006-06-24,24.4,28.5,,,,,,,,,,,,31.1,28.6,28.6,22.6,,,,,,,,,29.1,,,,,,,
	2006-06-25,24.4,29.2,,,,,,,,,,,,31.8,28.2,28.2,29.6,,,,,,,,,29.9,,,,,,,
	2006-06-26,20.4,22.8,,,,,,,,,,,,29.6,29,29,29.1,,,,,,,,,29.3,,,,,,,
	2006-06-27,21.1,24.2,,,,,,,,,,,,26.2,23.2,23.2,31,,,,,,,,,30.7,,,,,,,
	2006-06-28,23.7,27.7,,,,,,,,,,,,29.4,27.2,27.2,30.6,,,,,,,,,31.3,,,,,,,
	2006-06-29,25,29.3,,,,,,,,,,,,29.8,29,29,29.1,,,,,,,,,30.2,,,,,,,
	2006-06-30,23.2,26.8,,,,,,,,,,,,29.7,29.5,29.5,25.3,,,,,,,,,29.4,,,,,,,
	2006-07-01,22.6,24.7,,,,,,,,,,,,31.8,29.5,29.5,31.1,,,,,,,,,25.7,,,,,,,
	2006-07-02,23,26.7,,,,,,,,,,,,30.6,28.4,28.4,31.1,,,,,,,,,26.7,,,,,,,
	2006-07-03,24.1,28.6,,,,,,,,,,,,32.6,29.8,29.8,30.6,,,,,,,,,30.3,,,,,,,
	2006-07-04,22.4,24,,,,,,,,,,,,31.9,30.2,30.2,29.2,,,,,,,,,29.5,,,,,,,
	2006-07-05,21.5,24.7,,,,,,,,,,,,31.3,31.2,31.2,27.9,,,,,,,,,29.7,,,,,,,
	2006-07-06,21.1,23.5,,,,,,,,,,,,27.9,31.1,31.1,29.3,,,,,,,,,30.2,,,,,,,
	2006-07-07,23,26.8,,,,,,,,,,,,30.7,24.7,24.7,28.3,,,,,,,,,26.9,,,,,,,
	2006-07-08,25.5,29,,,,,,,,,,,,27.6,32.3,32.3,29.9,,,,,,,,,26.6,,,,,,,
	2006-07-09,25.7,28.8,,,,,,,,,,,,30.2,29.7,29.7,29.6,,,,,,,,,27.7,,,,,,,
	2006-07-10,23.8,26.1,,,,,,,,,,,,30.6,29.5,29.5,32.5,,,,,,,,,26.8,,,,,,,
	2006-07-11,24.7,28.7,,,,,,,,,,,,29.5,33.8,33.8,29.7,,,,,,,,,24.1,,,,,,,
	2006-07-12,23.8,25.1,,,,,,,,,,,,26.3,29.3,29.3,26.3,,,,,,,,,24.8,,,,,,,
	2006-07-13,25.2,27.2,,,,,,,,,,,,26.2,33,33,31.8,,,,,,,,,26.9,,,,,,,
	2006-07-14,27.2,29.2,,,,,,,,,,,,26.1,33.6,33.6,34.3,,,,,,,,,28.5,,,,,,,
	2006-07-15,24.1,27.2,,,,,,,,,,,,25.1,32.8,32.8,36,,,,,,,,,32.4,,,,,,,
	2006-07-16,18.7,21.2,,,,,,,,,,,,24.3,29.6,29.6,28,,,,,,,,,32.7,,,,,,,
	2006-07-17,19.2,20.3,,,,,,,,,,,,25.6,29.4,29.4,24.9,,,,,,,,,33.1,,,,,,,
	2006-07-18,19.1,20.7,,,,,,,,,,,,25.4,30.7,30.7,31.4,,,,,,,,,33.4,,,,,,,
	2006-07-19,21.8,24.2,,,,,,,,,,,,29.1,32.3,32.3,33.9,,,,,,,,,30.9,,,,,,,
	2006-07-20,21.7,24.7,,,,,,,,,,,,28.8,32.2,32.2,28.9,,,,,,,,,29.5,,,,,,,
	2006-07-21,22.1,26.7,,,,,,,,,,,,25.7,29.6,29.6,28.6,,,,,,,,,32.4,,,,,,,
	2006-07-22,23.4,27.5,,,,,,,,,,,,27.7,30.6,30.6,27.8,,,,,,,,,29.2,,,,,,,
	2006-07-23,23.4,28.1,,,,,,,,,,,,30.5,30.7,30.7,29.8,,,,,,,,,23.8,,,,,,,
	2006-07-24,23.4,26.6,,,,,,,,,,,,30.3,33.2,33.2,31.2,,,,,,,,,23.1,,,,,,,
	2006-07-25,24.7,28.3,,,,,,,,,,,,28.4,31.6,31.6,29.6,,,,,,,,,28.4,,,,,,,
	2006-07-26,22.2,24.6,,,,,,,,,,,,29.4,28.2,28.2,31.7,,,,,,,,,32.4,,,,,,,
	2006-07-27,20.9,22,,,,,,,,,,,,26.4,25.2,25.2,32.1,,,,,,,,,32.9,,,,,,,
	2006-07-28,21.8,23.2,,,,,,,,,,,,27.6,24.5,24.5,25.4,,,,,,,,,32.2,,,,,,,
	2006-07-29,24.6,27.2,,,,,,,,,,,,30.2,33.7,33.7,26.4,,,,,,,,,34.1,,,,,,,
	2006-07-30,26.1,29.7,,,,,,,,,,,,31.1,27.3,27.3,30,,,,,,,,,31.6,,,,,,,
	2006-07-31,26.5,30.1,,,,,,,,,,,,31.2,30.6,30.6,30,,,,,,,,,30.1,,,,,,,
	2006-08-01,27.7,32,,,,,,,,,,,,26.7,31.3,31.3,31.2,,,,,,,,,31.4,,,,,,,
	2006-08-02,28,32,,,,,,,,,,,,29.6,30.1,30.1,28.8,,,,,,,,,31.9,,,,,,,
	2006-08-03,28.6,33.2,,,,,,,,,,,,29.9,33.5,33.5,33.1,,,,,,,,,28.9,,,,,,,
	2006-08-04,29.5,34.7,,,,,,,,,,,,29,34.4,34.4,32.4,,,,,,,,,30.5,,,,,,,
	2006-08-05,29,32.9,,,,,,,,,,,,32.1,34.7,34.7,31.6,,,,,,,,,28.4,,,,,,,
	2006-08-06,28.3,32.4,,,,,,,,,,,,29.3,35.8,35.8,29.2,,,,,,,,,33,,,,,,,
	2006-08-07,27.2,31.7,,,,,,,,,,,,32.6,30.5,30.5,31.5,,,,,,,,,32.8,,,,,,,
	2006-08-08,29,34.2,,,,,,,,,,,,31.3,29.6,29.6,30.8,,,,,,,,,32.4,,,,,,,
	2006-08-09,29.2,34.2,,,,,,,,,,,,30.1,29.2,29.2,32.7,,,,,,,,,31.1,,,,,,,
	2006-08-10,28.6,33.2,,,,,,,,,,,,27.6,26.2,26.2,34.4,,,,,,,,,34.2,,,,,,,
	2006-08-11,26.6,30.1,,,,,,,,,,,,32.1,27.1,27.1,34.4,,,,,,,,,35.7,,,,,,,
	2006-08-12,27.5,32.7,,,,,,,,,,,,32.8,30.6,30.6,33,,,,,,,,,36,,,,,,,
	2006-08-13,28.8,33.2,,,,,,,,,,,,30.8,31.6,31.6,31,,,,,,,,,34,,,,,,,
	2006-08-14,29.3,33.5,,,,,,,,,,,,29.4,27.7,27.7,32,,,,,,,,,35,,,,,,,
	2006-08-15,28.2,32.4,,,,,,,,,,,,33.2,28.6,28.6,30.6,,,,,,,,,35.5,,,,,,,
	2006-08-16,28.3,31.7,,,,,,,,,,,,32.6,30.4,30.4,32.9,,,,,,,,,33.6,,,,,,,
	2006-08-17,26.6,30.8,,,,,,,,,,,,32.9,26.7,26.7,31.1,,,,,,,,,34.8,,,,,,,
	2006-08-18,26.5,30.7,,,,,,,,,,,,32,24.2,24.2,32.5,,,,,,,,,36.4,,,,,,,
	2006-08-19,24.8,29.7,,,,,,,,,,,,32.4,29.6,29.6,30.8,,,,,,,,,35.9,,,,,,,
	2006-08-20,23.6,26.5,,,,,,,,,,,,31.7,31.8,31.8,31.2,,,,,,,,,35.1,,,,,,,
	2006-08-21,27.2,30.5,,,,,,,,,,,,31.6,25,25,32.9,,,,,,,,,31.8,,,,,,,
	2006-08-22,27.6,31.6,,,,,,,,,,,,31.5,24.4,24.4,32.2,,,,,,,,,34,,,,,,,
	2006-08-23,27.1,30.6,,,,,,,,,,,,32.3,25.3,25.3,29.7,,,,,,,,,34.9,,,,,,,
	2006-08-24,27,30.7,,,,,,,,,,,,32.3,28,28,28.1,,,,,,,,,34.7,,,,,,,
	2006-08-25,25.1,29,,,,,,,,,,,,33.9,24.6,24.6,29.3,,,,,,,,,34.3,,,,,,,
	2006-08-26,25.2,31.3,,,,,,,,,,,,32.3,28.2,28.2,29.6,,,,,,,,,33.2,,,,,,,
	2006-08-27,24.2,25.7,,,,,,,,,,,,28.7,29.7,29.7,31.7,,,,,,,,,34.9,,,,,,,
	2006-08-28,25.4,29.6,,,,,,,,,,,,31.5,30.7,30.7,30.3,,,,,,,,,36.6,,,,,,,
	2006-08-29,23.7,25.8,,,,,,,,,,,,32.1,28.6,28.6,24.5,,,,,,,,,36.3,,,,,,,
	2006-08-30,25.2,29.5,,,,,,,,,,,,31.6,29.6,29.6,25.3,,,,,,,,,33,,,,,,,
	2006-08-31,25.2,29.5,,,,,,,,,,,,29.3,28.6,28.6,30,,,,,,,,,32.9,,,,,,,
	2007-06-07,19.3,21.7,,,,,,,,,,,,30.8,30.7,30.7,28.1,,,,,,,,,32.2,,,,,,,
	2007-06-08,19.4,23.8,,,,27.3,,,,,,,,26.7,30.1,30.1,30.8,,,,,,,,,28.2,,,,,,,
	2007-06-09,20.3,25.7,,,,26.5,,,,,,,,28.3,30.7,30.7,31,,,,,,,,,29.7,,,,,,,
	2007-06-10,23.6,30.7,,,,24,,,,,,,,27.9,29,29,31.2,,,,,,,,,24.5,,,,,,,
	2007-06-11,24.4,30,,,,26.2,,,,,,,,33.9,35.8,,36,,,,,,,,,27.1,,,,,,,
	2007-06-12,24.4,29.6,,,,20.6,,,,,,,,,,,,,,,,,,,,24.5,,,,,,,
	2007-06-13,23.8,29.3,,,,17.8,,,,,,,,,,,,,,,,,,,,19.2,,,,,,,
	2007-06-14,23.4,28.5,,,,28.3,,,,,,,,,,,,,,,,,,,,36.6,,,,,,,
	2007-06-15,23.1,28.5,,,,28.8,,,,,,,,,,,,,,,,,,,,,,,,,,,
	2007-06-16,25.5,32.2,,,,22.1,,,,,,,,,,,,,,,,,,,,,,,,,,,
	2007-06-17,25.6,30.7,,,,22.7,,,,,,,,,,,,,,,,,,,,,,,,,,,
	2007-06-18,26.3,33.2,,,,27.3,,,,,,,,,,,,,,,,,,,,,,,,,,,
	2007-06-19,26.4,32.2,,,,26.3,,,,,,,,,,,,,,,,,,,,,,,,,,,
	2007-06-20,24.2,28.6,,,,27.2,,,,,,,,,,,,,,,,,,,,,,,,,,,
	2007-06-21,21,23.2,,,,28.7,,,,,,,,,,,,,,,,,,,,,,,,,,,
	2007-06-22,25.4,31.7,,,,26.2,,,,,,,,,,,,,,,,,,,,,,,,,,,
	2007-06-23,24.8,29.5,,,,20.1,,,,,,,,,,,,,,,,,,,,,,,,,,,
	2007-06-24,21.2,24.5,,,,28.8,,,,,,,,,,,,,,,,,,,,,,,,,,,
	2007-06-25,21.7,25.2,,,,29.3,,,,,,,,,,,,,,,,,,,,,,,,,,,
	2007-06-26,25.4,30.6,,,,28.5,,,,,,,,,,,,,,,,,,,,,,,,,,,
	2007-06-27,25.9,30.6,,,,29.2,,,,,,,,,,,,,,,,,,,,,,,,,,,
	2007-06-28,24.6,27.2,,,,22.8,,,,,,,,,,,,,,,,,,,,,,,,,,,
	2007-06-29,21.8,23.7,,,,24.2,,,,,,,,,,,,,,,,,,,,,,,,,,,
	2007-06-30,24.2,28.7,,,,27.7,,,,,,,,,,,,,,,,,,,,,,,,,,,
	2007-07-01,19.8,23.2,,,,29.3,,,,,,,,,,,,,,,,,,,,,,,,,,,
	2007-07-02,20.6,22.8,,,,26.8,,,,,,,,,,,,,,,,,,,,,,,,,,,
	2007-07-03,23.6,27.3,,,,24.7,,,,,,,,,,,,,,,,,,,,,,,,,,,
	2007-07-04,22.7,25.3,,,,26.7,,,,,,,,,,,,,,,,,,,,,,,,,,,
	2007-07-05,22.6,25.1,,,,28.6,,,,,,,,,,,,,,,,,,,,,,,,,,,
	2007-07-06,26.2,31.1,,,,24,,,,,,,,,,,,,,,,,,,,,,,,,,,
	2007-07-07,26.4,30.7,,,,24.7,,,,,,,,,,,,,,,,,,,,,,,,,,,
	2007-07-08,25.8,30.2,,,,23.5,,,,,,,,,,,,,,,,,,,,,,,,,,,
	2007-07-09,25.9,30.3,,,,26.8,,,,,,,,,,,,,,,,,,,,,,,,,,,
	2007-07-10,22.4,25.1,,,,29,,,,,,,,,,,,,,,,,,,,,,,,,,,
	2007-07-11,18.9,21.1,,,,28.8,,,,,,,,,,,,,,,,,,,,,,,,,,,
	2007-07-12,23.4,28,,,,26.1,,,,,,,,,,,,,,,,,,,,,,,,,,,
	2007-07-13,25.7,30.7,,,,28.7,,,,,,,,,,,,,,,,,,,,,,,,,,,
	2007-07-14,24,27.8,,,,25.1,,,,,,,,,,,,,,,,,,,,,,,,,,,
	2007-07-15,24.7,29,,,,27.2,,,,,,,,,,,,,,,,,,,,,,,,,,,
	2007-07-16,19.9,25.2,,,,29.2,,,,,,,,,,,,,,,,,,,,,,,,,,,
	2007-07-17,22.4,27.7,,,,27.2,,,,,,,,,,,,,,,,,,,,,,,,,,,
	2007-07-18,26,31,,,,21.2,,,,,,,,,,,,,,,,,,,,,,,,,,,
	2007-07-19,24.1,26.8,,,,20.3,,,,,,,,,,,,,,,,,,,,,,,,,,,
	2007-07-20,26.2,30,,,,20.7,,,,,,,,,,,,,,,,,,,,,,,,,,,
	2007-07-21,23.6,26.2,,,,24.2,,,,,,,,,,,,,,,,,,,,,,,,,,,
	2007-07-22,24.6,29.7,,,,24.7,,,,,,,,,,,,,,,,,,,,,,,,,,,
	2007-07-23,25.5,29.3,,,,26.7,,,,,,,,,,,,,,,,,,,,,,,,,,,
	2007-07-24,23.4,26.7,,,,27.5,,,,,,,,,,,,,,,,,,,,,,,,,,,
	2007-07-25,24.7,26.7,,,,28.1,,,,,,,,,,,,,,,,,,,,,,,,,,,
	2007-07-26,26.7,31.2,,,,26.6,,,,,,,,,,,,,,,,,,,,,,,,,,,
	2007-07-27,26.9,29.7,,,,28.3,,,,,,,,,,,,,,,,,,,,,,,,,,,
	2007-07-28,25.1,26.2,,,,24.6,,,,,,,,,,,,,,,,,,,,,,,,,,,
	2007-07-29,24.6,27.2,,,,22,,,,,,,,,,,,,,,,,,,,,,,,,,,
	2007-07-30,26.4,31.2,,,,23.2,,,,,,,,,,,,,,,,,,,,,,,,,,,
	2007-07-31,26.4,29.8,,,,27.2,,,,,,,,,,,,,,,,,,,,,,,,,,,
	2007-08-01,27.2,30.1,,,,29.7,,,,,,,,,,,,,,,,,,,,,,,,,,,
	2007-08-02,27.8,30.2,,,,30.1,,,,,,,,,,,,,,,,,,,,,,,,,,,
	2007-08-03,27.5,32.2,,,,32,,,,,,,,,,,,,,,,,,,,,,,,,,,
	2007-08-04,24.5,26.1,,,,32,,,,,,,,,,,,,,,,,,,,,,,,,,,
	2007-08-05,24.8,27.7,,,,33.2,,,,,,,,,,,,,,,,,,,,,,,,,,,
	2007-08-06,25.7,29.3,,,,34.7,,,,,,,,,,,,,,,,,,,,,,,,,,,
	2007-08-07,23.8,25.2,,,,32.9,,,,,,,,,,,,,,,,,,,,,,,,,,,
	2007-08-08,25.3,27.7,,,,32.4,,,,,,,,,,,,,,,,,,,,,,,,,,,
	2007-08-09,26.1,29.2,,,,31.7,,,,,,,,,,,,,,,,,,,,,,,,,,,
	2007-08-10,27.7,31,,,,34.2,,,,,,,,,,,,,,,,,,,,,,,,,,,
	2007-08-11,28.7,33,,,,34.2,,,,,,,,,,,,,,,,,,,,,,,,,,,
	2007-08-12,26.2,28.1,,,,33.2,,,,,,,,,,,,,,,,,,,,,,,,,,,
	2007-08-13,27.6,30.3,,,,30.1,,,,,,,,,,,,,,,,,,,,,,,,,,,
	2007-08-14,25.8,28.6,,,,32.7,,,,,,,,,,,,,,,,,,,,,,,,,,,
	2007-08-15,26.4,29.5,,,,33.2,,,,,,,,,,,,,,,,,,,,,,,,,,,
	2007-08-16,27.2,30.8,,,,33.5,,,,,,,,,,,,,,,,,,,,,,,,,,,
	2007-08-17,27.6,32.2,,,,32.4,,,,,,,,,,,,,,,,,,,,,,,,,,,
	2007-08-18,26.9,31.2,,,,31.7,,,,,,,,,,,,,,,,,,,,,,,,,,,
	2007-08-19,27.3,31,,,,30.8,,,,,,,,,,,,,,,,,,,,,,,,,,,
	2007-08-20,27.2,31,,,,30.7,,,,,,,,,,,,,,,,,,,,,,,,,,,
	2007-08-21,27.4,29.7,,,,29.7,,,,,,,,,,,,,,,,,,,,,,,,,,,
	2007-08-22,27.5,31.8,,,,26.5,,,,,,,,,,,,,,,,,,,,,,,,,,,
	2007-08-23,26.9,33.2,,,,30.5,,,,,,,,,,,,,,,,,,,,,,,,,,,
	2007-08-24,27.2,31.7,,,,31.6,,,,,,,,,,,,,,,,,,,,,,,,,,,
	2007-08-25,28.3,33,,,,30.6,,,,,,,,,,,,,,,,,,,,,,,,,,,
	2007-08-26,28,32.2,,,,30.7,,,,,,,,,,,,,,,,,,,,,,,,,,,
	2007-08-27,26.7,30,,,,29,,,,,,,,,,,,,,,,,,,,,,,,,,,
	2007-08-28,26.7,30.8,,,,31.3,,,,,,,,,,,,,,,,,,,,,,,,,,,
	2007-08-29,23.3,26.3,,,,25.7,,,,,,,,,,,,,,,,,,,,,,,,,,,
	2007-08-30,23.2,25.6,,,,29.6,,,,,,,,,,,,,,,,,,,,,,,,,,,
	2007-08-31,23.7,27.1,,,,25.8,,,,,,,,,,,,,,,,,,,,,,,,,,,
	2008-06-01,21.6,26.6,,,,29.5,,,,,,,,,,,,,,,,,,,,,,,,,,,
	2008-06-02,18.9,22.5,,,,29.5,,,,,,,,,,,,,,,,,,,,,,,,,,,
	2008-06-03,18.7,24.1,,,,34.7,,,,,,,,,,,,,,,,,,,,,,,,,,,
	2008-06-04,16.9,19.4,,,,,,,,,,,,,,,,,,,,,,,,,,,,,,,
	2008-06-05,14.9,17,,,,,,,,,,,,,,,,,,,,,,,,,,,,,,,
	2008-06-06,16.7,19.9,,,,,,,,,,,,,,,,,,,,,,,,,,,,,,,
	2008-06-07,19.1,24.3,,,,,,,,,,,,,,,,,,,,,,,,,,,,,,,
	2008-06-08,18.9,25.1,,,,,,,,,,,,,,,,,,,,,,,,,,,,,,,
	2008-06-09,21,27,,,,,,,,,,,,,,,,,,,,,,,,,,,,,,,
	2008-06-10,22.7,28.1,,,,,,,,,,,,,,,,,,,,,,,,,,,,,,,
	2008-06-11,24.5,29.4,,,,,,,,,,,,,,,,,,,,,,,,,,,,,,,
	2008-06-12,23.3,29,,,,,,,,,,,,,,,,,,,,,,,,,,,,,,,
	2008-06-13,21.5,27.6,,,,,,,,,,,,,,,,,,,,,,,,,,,,,,,
	2008-06-14,23.9,28.9,,,,,,,,,,,,,,,,,,,,,,,,,,,,,,,
	2008-06-15,22.5,27.4,,,,,,,,,,,,,,,,,,,,,,,,,,,,,,,
	2008-06-16,23,28.6,,,,,,,,,,,,,,,,,,,,,,,,,,,,,,,
	2008-06-17,22.6,25.7,,,,,,,,,,,,,,,,,,,,,,,,,,,,,,,
	2008-06-18,19.1,22,,,,,,,,,,,,,,,,,,,,,,,,,,,,,,,
	2008-06-19,20.3,24.1,,,,,,,,,,,,,,,,,,,,,,,,,,,,,,,
	2008-06-20,24.3,29.6,,,,,,,,,,,,,,,,,,,,,,,,,,,,,,,
	2008-06-21,24.6,28.2,,,,,,,,,,,,,,,,,,,,,,,,,,,,,,,
	2008-06-22,22.6,27.4,,,,,,,,,,,,,,,,,,,,,,,,,,,,,,,
	2008-06-23,22.8,27.1,,,,,,,,,,,,,,,,,,,,,,,,,,,,,,,
	2008-06-24,23.4,27.6,,,,,,,,,,,,,,,,,,,,,,,,,,,,,,,
	2008-06-25,23.6,28.6,,,,,,,,,,,,,,,,,,,,,,,,,,,,,,,
	2008-06-26,23.3,28.8,,,,,,,,,,,,,,,,,,,,,,,,,,,,,,,
	2008-06-27,23.7,28.7,,,,,,,,,,,,,,,,,,,,,,,,,,,,,,,
	2008-06-28,22.6,25.4,,,,,,,,,,,,,,,,,,,,,,,,,,,,,,,
	2008-06-29,22.1,27.4,,,,,,,,,,,,,,,,,,,,,,,,,,,,,,,
	2008-06-30,22.5,27.3,,,,,,,,,,,,,,,,,,,,,,,,,,,,,,,
	2008-07-01,24.8,29.3,,,,,,,,,,,,,,,,,,,,,,,,,,,,,,,
	2008-07-02,22.4,24.5,,,,,,,,,,,,,,,,,,,,,,,,,,,,,,,
	2008-07-03,21.9,25.1,,,,,,,,,,,,,,,,,,,,,,,,,,,,,,,
	2008-07-04,24.3,27.2,,,,,,,,,,,,,,,,,,,,,,,,,,,,,,,
	2008-07-05,24.5,28,,,,,,,,,,,,,,,,,,,,,,,,,,,,,,,
	2008-07-06,25.5,28.4,,,,,,,,,,,,,,,,,,,,,,,,,,,,,,,
	2008-07-07,24.7,27.5,,,,,,,,,,,,,,,,,,,,,,,,,,,,,,,
	2008-07-08,27.6,32.8,,,,,,,,,,,,,,,,,,,,,,,,,,,,,,,
	2008-07-09,27.5,32.9,,,,,,,,,,,,,,,,,,,,,,,,,,,,,,,
	2008-07-10,26.3,30.5,,,,,,,,,,,,,,,,,,,,,,,,,,,,,,,
	2008-07-11,27,30,,,,,,,,,,,,,,,,,,,,,,,,,,,,,,,
	2008-07-12,24.5,27.7,,,,,,,,,,,,,,,,,,,,,,,,,,,,,,,
	2008-07-13,25.8,29.7,,,,,,,,,,,,,,,,,,,,,,,,,,,,,,,
	2008-07-14,27.3,31.7,,,,,,,,,,,,,,,,,,,,,,,,,,,,,,,
	2008-07-15,28.1,31.2,,,,,,,,,,,,,,,,,,,,,,,,,,,,,,,
	2008-07-16,24.8,27.2,,,,,,,,,,,,,,,,,,,,,,,,,,,,,,,
	2008-07-17,25.3,30.3,,,,,,,,,,,,,,,,,,,,,,,,,,,,,,,
	2008-07-18,26.2,30.1,,,,,,,,,,,,,,,,,,,,,,,,,,,,,,,
	2008-07-19,23.8,25.7,,,,,,,,,,,,,,,,,,,,,,,,,,,,,,,
	2008-07-20,24.7,28.4,,,,,,,,,,,,,,,,,,,,,,,,,,,,,,,
	2008-07-21,23,24.1,,,,,,,,,,,,,,,,,,,,,,,,,,,,,,,
	2008-07-22,24.7,28.4,,,,,,,,,,,,,,,,,,,,,,,,,,,,,,,
	2008-07-23,23.8,26.5,,,,,,,,,,,,,,,,,,,,,,,,,,,,,,,
	2008-07-24,22.4,25,,,,,,,,,,,,,,,,,,,,,,,,,,,,,,,
	2008-07-25,23.1,25.9,,,,,,,,,,,,,,,,,,,,,,,,,,,,,,,
	2008-07-26,22.2,23.8,,,,,,,,,,,,,,,,,,,,,,,,,,,,,,,
	2008-07-27,25.1,28.3,,,,,,,,,,,,,,,,,,,,,,,,,,,,,,,
	2008-07-28,26.9,31.2,,,,,,,,,,,,,,,,,,,,,,,,,,,,,,,
	2008-07-29,28,32.3,,,,,,,,,,,,,,,,,,,,,,,,,,,,,,,
	2008-07-30,26.1,28.3,,,,,,,,,,,,,,,,,,,,,,,,,,,,,,,
	2008-07-31,26.7,29.5,,,,,,,,,,,,,,,,,,,,,,,,,,,,,,,
	2008-08-01,27.7,31.2,,,,,,,,,,,,,,,,,,,,,,,,,,,,,,,
	2008-08-02,26.1,28.4,,,,,,,,,,,,,,,,,,,,,,,,,,,,,,,
	2008-08-03,25.5,29.8,,,,,,,,,,,,,,,,,,,,,,,,,,,,,,,
	2008-08-04,25.5,31.4,,,,,,,,,,,,,,,,,,,,,,,,,,,,,,,
	2008-08-05,26.3,30.7,,,,,,,,,,,,,,,,,,,,,,,,,,,,,,,
	2008-08-06,27.8,32.9,,,,,,,,,,,,,,,,,,,,,,,,,,,,,,,
	2008-08-07,28.7,33.4,,,,,,,,,,,,,,,,,,,,,,,,,,,,,,,
	2008-08-08,30,35.4,,,,,,,,,,,,,,,,,,,,,,,,,,,,,,,
	2008-08-09,28,32.6,,,,,,,,,,,,,,,,,,,,,,,,,,,,,,,
	2008-08-10,30.1,34.5,,,,,,,,,,,,,,,,,,,,,,,,,,,,,,,
	2008-08-11,28.2,32.4,,,,,,,,,,,,,,,,,,,,,,,,,,,,,,,
	2008-08-12,25.3,28.9,,,,,,,,,,,,,,,,,,,,,,,,,,,,,,,
	2008-08-13,27,31.5,,,,,,,,,,,,,,,,,,,,,,,,,,,,,,,
	2008-08-14,27.3,31.5,,,,,,,,,,,,,,,,,,,,,,,,,,,,,,,
	2008-08-15,25.7,29.6,,,,,,,,,,,,,,,,,,,,,,,,,,,,,,,
	2008-08-16,21.7,23.5,,,,,,,,,,,,,,,,,,,,,,,,,,,,,,,
	2008-08-17,24.2,27.4,,,,,,,,,,,,,,,,,,,,,,,,,,,,,,,
	2008-08-18,22.9,25,,,,,,,,,,,,,,,,,,,,,,,,,,,,,,,
	2008-08-19,23.9,27.6,,,,,,,,,,,,,,,,,,,,,,,,,,,,,,,
	2008-08-20,23.1,27.4,,,,,,,,,,,,,,,,,,,,,,,,,,,,,,,
	2008-08-21,23.4,28.6,,,,,,,,,,,,,,,,,,,,,,,,,,,,,,,
	2008-08-22,17.9,22.2,,,,,,,,,,,,,,,,,,,,,,,,,,,,,,,
	2008-08-23,21.5,25.3,,,,,,,,,,,,,,,,,,,,,,,,,,,,,,,
	2008-08-24,23.6,28.2,,,,,,,,,,,,,,,,,,,,,,,,,,,,,,,
	2008-08-25,24.4,28.4,,,,,,,,,,,,,,,,,,,,,,,,,,,,,,,
	2008-08-26,24,28.4,,,,,,,,,,,,,,,,,,,,,,,,,,,,,,,
	2008-08-27,24,28.2,,,,,,,,,,,,,,,,,,,,,,,,,,,,,,,
	2008-08-28,24.6,29.4,,,,,,,,,,,,,,,,,,,,,,,,,,,,,,,
	2008-08-29,25.2,30.6,,,,,,,,,,,,,,,,,,,,,,,,,,,,,,,
	2008-08-30,25.7,30.9,,,,,,,,,,,,,,,,,,,,,,,,,,,,,,,
	2008-08-31,25.2,29,,,,,,,,,,,,,,,,,,,,,,,,,,,,,,,
	2009-06-01,21.7,28.1,,,,,,,,,,,,,,,,,,,,,,,,,,,,,,,
	2009-06-02,21.7,26.2,,,,,,,,,,,,,,,,,,,,,,,,,,,,,,,
	2009-06-03,19.1,22.2,,,,,,,,,,,,,,,,,,,,,,,,,,,,,,,
	2009-06-04,21.2,25.9,,,,,,,,,,,,,,,,,,,,,,,,,,,,,,,
	2009-06-05,22.5,28.2,,,,,,,,,,,,,,,,,,,,,,,,,,,,,,,
	2009-06-06,22.2,27.6,,,,,,,,,,,,,,,,,,,,,,,,,,,,,,,
	2009-06-07,19.1,21.8,,,,,,,,,,,,,,,,,,,,,,,,,,,,,,,
	2009-06-08,20.9,25.7,,,,,,,,,,,,,,,,,,,,,,,,,,,,,,,
	2009-06-09,19.4,21.8,,,,,,,,,,,,,,,,,,,,,,,,,,,,,,,
	2009-06-10,18.8,22.2,,,,,,,,,,,,,,,,,,,,,,,,,,,,,,,
	2009-06-11,21,25.7,,,,,,,,,,,,,,,,,,,,,,,,,,,,,,,
	2009-06-12,19.4,24.4,,,,,,,,,,,,,,,,,,,,,,,,,,,,,,,
	2009-06-13,20.2,24.6,,,,,,,,,,,,,,,,,,,,,,,,,,,,,,,
	2009-06-14,20.4,23.5,,,,,,,,,,,,,,,,,,,,,,,,,,,,,,,
	2009-06-15,21.6,26.3,,,,,,,,,,,,,,,,,,,,,,,,,,,,,,,
	2009-06-16,21.8,26.6,,,,,,,,,,,,,,,,,,,,,,,,,,,,,,,
	2009-06-17,21.1,23.1,,,,,,,,,,,,,,,,,,,,,,,,,,,,,,,
	2009-06-18,25.1,31.5,,,,,,,,,,,,,,,,,,,,,,,,,,,,,,,
	2009-06-19,25.1,28.5,,,,,,,,,,,,,,,,,,,,,,,,,,,,,,,
	2009-06-20,22.7,24.7,,,,,,,,,,,,,,,,,,,,,,,,,,,,,,,
	2009-06-21,25.1,30.2,,,,,,,,,,,,,,,,,,,,,,,,,,,,,,,
	2009-06-22,23,26.5,,,,,,,,,,,,,,,,,,,,,,,,,,,,,,,
	2009-06-23,23.4,27.9,,,,,,,,,,,,,,,,,,,,,,,,,,,,,,,
	2009-06-24,24.5,30,,,,,,,,,,,,,,,,,,,,,,,,,,,,,,,
	2009-06-25,24.8,29.8,,,,,,,,,,,,,,,,,,,,,,,,,,,,,,,
	2009-06-26,24.4,29.4,,,,,,,,,,,,,,,,,,,,,,,,,,,,,,,
	2009-06-27,26.1,32.4,,,,,,,,,,,,,,,,,,,,,,,,,,,,,,,
	2009-06-28,26,29.6,,,,,,,,,,,,,,,,,,,,,,,,,,,,,,,
	2009-06-29,26.1,31.1,,,,,,,,,,,,,,,,,,,,,,,,,,,,,,,
	2009-06-30,24.4,26.6,,,,,,,,,,,,,,,,,,,,,,,,,,,,,,,
	2009-07-01,23.5,27.4,,,,,,,,,,,,,,,,,,,,,,,,,,,,,,,
	2009-07-02,20.7,22.3,,,,,,,,,,,,,,,,,,,,,,,,,,,,,,,
	2009-07-03,22.5,27,,,,,,,,,,,,,,,,,,,,,,,,,,,,,,,
	2009-07-04,22.8,26.9,,,,,,,,,,,,,,,,,,,,,,,,,,,,,,,
	2009-07-05,24.6,30,,,,,,,,,,,,,,,,,,,,,,,,,,,,,,,
	2009-07-06,25,29,,,,,,,,,,,,,,,,,,,,,,,,,,,,,,,
	2009-07-07,24.9,28.1,,,,,,,,,,,,,,,,,,,,,,,,,,,,,,,
	2009-07-08,26.3,30.3,,,,,,,,,,,,,,,,,,,,,,,,,,,,,,,
	2009-07-09,21.8,25.8,,,,,,,,,,,,,,,,,,,,,,,,,,,,,,,
	2009-07-10,23.8,29.7,,,,,,,,,,,,,,,,,,,,,,,,,,,,,,,
	2009-07-11,24.6,29.2,,,,,,,,,,,,,,,,,,,,,,,,,,,,,,,
	2009-07-12,20.7,24,,,,,,,,,,,,,,,,,,,,,,,,,,,,,,,
	2009-07-13,23.2,27.7,,,,,,,,,,,,,,,,,,,,,,,,,,,,,,,
	2009-07-14,23,25.6,,,,,,,,,,,,,,,,,,,,,,,,,,,,,,,
	2009-07-15,23.1,25.9,,,,,,,,,,,,,,,,,,,,,,,,,,,,,,,
	2009-07-16,26.7,32.4,,,,,,,,,,,,,,,,,,,,,,,,,,,,,,,
	2009-07-17,24.8,26.6,,,,,,,,,,,,,,,,,,,,,,,,,,,,,,,
	2009-07-18,25.1,27.3,,,,,,,,,,,,,,,,,,,,,,,,,,,,,,,
	2009-07-19,24.6,29.9,,,,,,,,,,,,,,,,,,,,,,,,,,,,,,,
	2009-07-20,25.5,28.5,,,,,,,,,,,,,,,,,,,,,,,,,,,,,,,
	2009-07-21,25.4,29.1,,,,,,,,,,,,,,,,,,,,,,,,,,,,,,,
	2009-07-22,25.1,30,,,,,,,,,,,,,,,,,,,,,,,,,,,,,,,
	2009-07-23,25.4,29.9,,,,,,,,,,,,,,,,,,,,,,,,,,,,,,,
	2009-07-24,24.8,30.1,,,,,,,,,,,,,,,,,,,,,,,,,,,,,,,
	2009-07-25,22.5,26,,,,,,,,,,,,,,,,,,,,,,,,,,,,,,,
	2009-07-26,24.8,29.1,,,,,,,,,,,,,,,,,,,,,,,,,,,,,,,
	2009-07-27,24.8,27.7,,,,,,,,,,,,,,,,,,,,,,,,,,,,,,,
	2009-07-28,24.6,26.4,,,,,,,,,,,,,,,,,,,,,,,,,,,,,,,
	2009-07-29,25.5,30.4,,,,,,,,,,,,,,,,,,,,,,,,,,,,,,,
	2009-07-30,26.5,30.6,,,,,,,,,,,,,,,,,,,,,,,,,,,,,,,
	2009-07-31,26.7,30.4,,,,,,,,,,,,,,,,,,,,,,,,,,,,,,,
	2009-08-01,25.4,28.9,,,,,,,,,,,,,,,,,,,,,,,,,,,,,,,
	2009-08-02,25.8,29.6,,,,,,,,,,,,,,,,,,,,,,,,,,,,,,,
	2009-08-03,25.2,27.5,,,,,,,,,,,,,,,,,,,,,,,,,,,,,,,
	2009-08-04,26.9,31.2,,,,,,,,,,,,,,,,,,,,,,,,,,,,,,,
	2009-08-05,27.6,32.3,,,,,,,,,,,,,,,,,,,,,,,,,,,,,,,
	2009-08-06,26.6,30.7,,,,,,,,,,,,,,,,,,,,,,,,,,,,,,,
	2009-08-07,25.8,28.5,,,,,,,,,,,,,,,,,,,,,,,,,,,,,,,
	2009-08-08,26.5,28.9,,,,,,,,,,,,,,,,,,,,,,,,,,,,,,,
	2009-08-09,28.7,33.6,,,,,,,,,,,,,,,,,,,,,,,,,,,,,,,
	2009-08-10,27.8,32,,,,,,,,,,,,,,,,,,,,,,,,,,,,,,,
	2009-08-11,23.8,27.1,,,,,,,,,,,,,,,,,,,,,,,,,,,,,,,
	2009-08-12,23.5,25.9,,,,,,,,,,,,,,,,,,,,,,,,,,,,,,,
	2009-08-13,26.3,30.9,,,,,,,,,,,,,,,,,,,,,,,,,,,,,,,
	2009-08-14,27.6,33.4,,,,,,,,,,,,,,,,,,,,,,,,,,,,,,,
	2009-08-15,27.9,33,,,,,,,,,,,,,,,,,,,,,,,,,,,,,,,
	2009-08-16,29.1,34.4,,,,,,,,,,,,,,,,,,,,,,,,,,,,,,,
	2009-08-17,26.8,30.9,,,,,,,,,,,,,,,,,,,,,,,,,,,,,,,
	2009-08-18,27.4,30.9,,,,,,,,,,,,,,,,,,,,,,,,,,,,,,,
	2009-08-19,28.1,31.8,,,,,,,,,,,,,,,,,,,,,,,,,,,,,,,
	2009-08-20,26.1,29.4,,,,,,,,,,,,,,,,,,,,,,,,,,,,,,,
	2009-08-21,25.2,29.6,,,,,,,,,,,,,,,,,,,,,,,,,,,,,,,
	2009-08-22,25.2,28.2,,,,,,,,,,,,,,,,,,,,,,,,,,,,,,,
	2009-08-23,25.9,30.9,,,,,,,,,,,,,,,,,,,,,,,,,,,,,,,
	2009-08-24,25.6,29.4,,,,,,,,,,,,,,,,,,,,,,,,,,,,,,,
	2009-08-25,24.3,27.6,,,,,,,,,,,,,,,,,,,,,,,,,,,,,,,
	2009-08-26,24.2,26.3,,,,,,,,,,,,,,,,,,,,,,,,,,,,,,,
	2009-08-27,24.1,25.7,,,,,,,,,,,,,,,,,,,,,,,,,,,,,,,
	2009-08-28,24.1,28.6,,,,,,,,,,,,,,,,,,,,,,,,,,,,,,,
	2009-08-29,22.2,26.7,,,,,,,,,,,,,,,,,,,,,,,,,,,,,,,
	2009-08-30,20.5,23.3,,,,,,,,,,,,,,,,,,,,,,,,,,,,,,,
	2009-08-31,22.6,28.3,,,,,,,,,,,,,,,,,,,,,,,,,,,,,,,
	2010-06-01,19.1,26.2,,,,,,,,,,,,,,,,,,,,,,,,,,,,,,,
	2010-06-02,21,26.6,,,,,,,,,,,,,,,,,,,,,,,,,,,,,,,
	2010-06-03,21.1,26.5,,,,,,,,,,,,,,,,,,,,,,,,,,,,,,,
	2010-06-04,22.3,27.9,,,,,,,,,,,,,,,,,,,,,,,,,,,,,,,
	2010-06-05,23.3,28.4,,,,,,,,,,,,,,,,,,,,,,,,,,,,,,,
	2010-06-06,24.9,30.9,,,,,,,,,,,,,,,,,,,,,,,,,,,,,,,
	2010-06-07,25.4,31.4,,,,,,,,,,,,,,,,,,,,,,,,,,,,,,,
	2010-06-08,25.7,31.8,,,,,,,,,,,,,,,,,,,,,,,,,,,,,,,
	2010-06-09,26,30.6,,,,,,,,,,,,,,,,,,,,,,,,,,,,,,,
	2010-06-10,26.5,32.7,,,,,,,,,,,,,,,,,,,,,,,,,,,,,,,
	2010-06-11,25.6,31.2,,,,,,,,,,,,,,,,,,,,,,,,,,,,,,,
	2010-06-12,17.9,22,,,,,,,,,,,,,,,,,,,,,,,,,,,,,,,
	2010-06-13,22,27.2,,,,,,,,,,,,,,,,,,,,,,,,,,,,,,,
	2010-06-14,22.8,26.4,,,,,,,,,,,,,,,,,,,,,,,,,,,,,,,
	2010-06-15,24.4,29.7,,,,,,,,,,,,,,,,,,,,,,,,,,,,,,,
	2010-06-16,22.3,25.6,,,,,,,,,,,,,,,,,,,,,,,,,,,,,,,
	2010-06-17,24,27.6,,,,,,,,,,,,,,,,,,,,,,,,,,,,,,,
	2010-06-18,25.9,31.1,,,,,,,,,,,,,,,,,,,,,,,,,,,,,,,
	2010-06-19,23,25.8,,,,,,,,,,,,,,,,,,,,,,,,,,,,,,,
	2010-06-20,23,27,,,,,,,,,,,,,,,,,,,,,,,,,,,,,,,
	2010-06-21,22.2,27.8,,,,,,,,,,,,,,,,,,,,,,,,,,,,,,,
	2010-06-22,21.6,25.2,,,,,,,,,,,,,,,,,,,,,,,,,,,,,,,
	2010-06-23,23,28.6,,,,,,,,,,,,,,,,,,,,,,,,,,,,,,,
	2010-06-24,24.4,30.8,,,,,,,,,,,,,,,,,,,,,,,,,,,,,,,
	2010-06-25,26.7,32.5,,,,,,,,,,,,,,,,,,,,,,,,,,,,,,,
	2010-06-26,24.8,27.2,,,,,,,,,,,,,,,,,,,,,,,,,,,,,,,
	2010-06-27,21.8,23.3,,,,,,,,,,,,,,,,,,,,,,,,,,,,,,,
	2010-06-28,24.6,30.5,,,,,,,,,,,,,,,,,,,,,,,,,,,,,,,
	2010-06-29,23.9,27.2,,,,,,,,,,,,,,,,,,,,,,,,,,,,,,,
	2010-06-30,22.8,24.8,,,,,,,,,,,,,,,,,,,,,,,,,,,,,,,
	2010-07-01,26.1,30.7,,,,,,,,,,,,,,,,,,,,,,,,,,,,,,,
	2010-07-02,24.9,25.9,,,,,,,,,,,,,,,,,,,,,,,,,,,,,,,
	2010-07-03,24.1,25.7,,,,,,,,,,,,,,,,,,,,,,,,,,,,,,,
	2010-07-04,26.5,29.9,,,,,,,,,,,,,,,,,,,,,,,,,,,,,,,
	2010-07-05,26.1,30.8,,,,,,,,,,,,,,,,,,,,,,,,,,,,,,,
	2010-07-06,26,31.6,,,,,,,,,,,,,,,,,,,,,,,,,,,,,,,
	2010-07-07,25.6,29.6,,,,,,,,,,,,,,,,,,,,,,,,,,,,,,,
	2010-07-08,24.7,29.6,,,,,,,,,,,,,,,,,,,,,,,,,,,,,,,
	2010-07-09,24.9,29.8,,,,,,,,,,,,,,,,,,,,,,,,,,,,,,,
	2010-07-10,25.6,29.2,,,,,,,,,,,,,,,,,,,,,,,,,,,,,,,
	2010-07-11,23.8,26.5,,,,,,,,,,,,,,,,,,,,,,,,,,,,,,,
	2010-07-12,25.1,28.6,,,,,,,,,,,,,,,,,,,,,,,,,,,,,,,
	2010-07-13,26.1,31.3,,,,,,,,,,,,,,,,,,,,,,,,,,,,,,,
	2010-07-14,24.8,27.7,,,,,,,,,,,,,,,,,,,,,,,,,,,,,,,
	2010-07-15,26,30,,,,,,,,,,,,,,,,,,,,,,,,,,,,,,,
	2010-07-16,23.7,27.7,,,,,,,,,,,,,,,,,,,,,,,,,,,,,,,
	2010-07-17,23.2,24.2,,,,,,,,,,,,,,,,,,,,,,,,,,,,,,,
	2010-07-18,25.9,29.1,,,,,,,,,,,,,,,,,,,,,,,,,,,,,,,
	2010-07-19,26.7,30.1,,,,,,,,,,,,,,,,,,,,,,,,,,,,,,,
	2010-07-20,28.2,32.3,,,,,,,,,,,,,,,,,,,,,,,,,,,,,,,
	2010-07-21,27.8,29.7,,,,,,,,,,,,,,,,,,,,,,,,,,,,,,,
	2010-07-22,27.1,29.6,,,,,,,,,,,,,,,,,,,,,,,,,,,,,,,
	2010-07-23,24.4,25.9,,,,,,,,,,,,,,,,,,,,,,,,,,,,,,,
	2010-07-24,25.6,29.3,,,,,,,,,,,,,,,,,,,,,,,,,,,,,,,
	2010-07-25,26,30,,,,,,,,,,,,,,,,,,,,,,,,,,,,,,,
	2010-07-26,25.4,28.6,,,,,,,,,,,,,,,,,,,,,,,,,,,,,,,
	2010-07-27,26.9,30.8,,,,,,,,,,,,,,,,,,,,,,,,,,,,,,,
	2010-07-28,27,31.2,,,,,,,,,,,,,,,,,,,,,,,,,,,,,,,
	2010-07-29,26.8,30.6,,,,,,,,,,,,,,,,,,,,,,,,,,,,,,,
	2010-07-30,27,30.8,,,,,,,,,,,,,,,,,,,,,,,,,,,,,,,
	2010-07-31,27,30.1,,,,,,,,,,,,,,,,,,,,,,,,,,,,,,,
	2010-08-01,27.5,31,,,,,,,,,,,,,,,,,,,,,,,,,,,,,,,
	2010-08-02,27.3,31.8,,,,,,,,,,,,,,,,,,,,,,,,,,,,,,,
	2010-08-03,27.6,32.1,,,,,,,,,,,,,,,,,,,,,,,,,,,,,,,
	2010-08-04,28.1,31.9,,,,,,,,,,,,,,,,,,,,,,,,,,,,,,,
	2010-08-05,29.2,33.8,,,,,,,,,,,,,,,,,,,,,,,,,,,,,,,
	2010-08-06,28.3,31,,,,,,,,,,,,,,,,,,,,,,,,,,,,,,,
	2010-08-07,26.2,28.2,,,,,,,,,,,,,,,,,,,,,,,,,,,,,,,
	2010-08-08,27.3,31.6,,,,,,,,,,,,,,,,,,,,,,,,,,,,,,,
	2010-08-09,28.6,33.3,,,,,,,,,,,,,,,,,,,,,,,,,,,,,,,
	2010-08-10,26.5,29.8,,,,,,,,,,,,,,,,,,,,,,,,,,,,,,,
	2010-08-11,28.2,32.7,,,,,,,,,,,,,,,,,,,,,,,,,,,,,,,
	2010-08-12,23.7,26.7,,,,,,,,,,,,,,,,,,,,,,,,,,,,,,,
	2010-08-13,26,29.6,,,,,,,,,,,,,,,,,,,,,,,,,,,,,,,
	2010-08-14,26.9,29.1,,,,,,,,,,,,,,,,,,,,,,,,,,,,,,,
	2010-08-15,26.6,30.2,,,,,,,,,,,,,,,,,,,,,,,,,,,,,,,
	2010-08-16,24.8,26.7,,,,,,,,,,,,,,,,,,,,,,,,,,,,,,,
	2010-08-17,26.3,31.8,,,,,,,,,,,,,,,,,,,,,,,,,,,,,,,
	2010-08-18,26,31.2,,,,,,,,,,,,,,,,,,,,,,,,,,,,,,,
	2010-08-19,28.5,32.9,,,,,,,,,,,,,,,,,,,,,,,,,,,,,,,
	2010-08-20,28.6,32.2,,,,,,,,,,,,,,,,,,,,,,,,,,,,,,,
	2010-08-21,28.6,32.1,,,,,,,,,,,,,,,,,,,,,,,,,,,,,,,
	2010-08-22,28.7,32.5,,,,,,,,,,,,,,,,,,,,,,,,,,,,,,,
	2010-08-23,26.4,29.1,,,,,,,,,,,,,,,,,,,,,,,,,,,,,,,
	2010-08-24,23.7,25.9,,,,,,,,,,,,,,,,,,,,,,,,,,,,,,,
	2010-08-25,21.6,22.5,,,,,,,,,,,,,,,,,,,,,,,,,,,,,,,
	2010-08-26,24,26.7,,,,,,,,,,,,,,,,,,,,,,,,,,,,,,,
	2010-08-27,25.8,31.8,,,,,,,,,,,,,,,,,,,,,,,,,,,,,,,
	2010-08-28,25.5,27.2,,,,,,,,,,,,,,,,,,,,,,,,,,,,,,,
	2010-08-29,23.7,26,,,,,,,,,,,,,,,,,,,,,,,,,,,,,,,
	2010-08-30,25.8,29.9,,,,,,,,,,,,,,,,,,,,,,,,,,,,,,,
	2010-08-31,24.9,27.2,,,,,,,,,,,,,,,,,,,,,,,,,,,,,,,
	2011-06-01,18,21.6,,,,,,,,,,,,,,,,,,,,,,,,,,,,,,,
	2011-06-02,19,24.7,,,,,,,,,,,,,,,,,,,,,,,,,,,,,,,
	2011-06-03,19,24.8,,,,,,,,,,,,,,,,,,,,,,,,,,,,,,,
	2011-06-04,18.7,24.6,,,,,,,,,,,,,,,,,,,,,,,,,,,,,,,
	2011-06-05,20.4,27.1,,,,,,,,,,,,,,,,,,,,,,,,,,,,,,,
	2011-06-06,20.9,26.9,,,,,,,,,,,,,,,,,,,,,,,,,,,,,,,
	2011-06-07,20.9,26.6,,,,,,,,,,,,,,,,,,,,,,,,,,,,,,,
	2011-06-08,22,27.5,,,,,,,,,,,,,,,,,,,,,,,,,,,,,,,
	2011-06-09,19.4,22,,,,,,,,,,,,,,,,,,,,,,,,,,,,,,,
	2011-06-10,21.4,24.3,,,,,,,,,,,,,,,,,,,,,,,,,,,,,,,
	2011-06-11,24,29.2,,,,,,,,,,,,,,,,,,,,,,,,,,,,,,,
	2011-06-12,23.4,30.2,,,,,,,,,,,,,,,,,,,,,,,,,,,,,,,
	2011-06-13,21,26.9,,,,,,,,,,,,,,,,,,,,,,,,,,,,,,,
	2011-06-14,22.8,29.5,,,,,,,,,,,,,,,,,,,,,,,,,,,,,,,
	2011-06-15,25.2,31.9,,,,,,,,,,,,,,,,,,,,,,,,,,,,,,,
	2011-06-16,26.5,32,,,,,,,,,,,,,,,,,,,,,,,,,,,,,,,
	2011-06-17,24.9,31.3,,,,,,,,,,,,,,,,,,,,,,,,,,,,,,,
	2011-06-18,24.5,28.9,,,,,,,,,,,,,,,,,,,,,,,,,,,,,,,
	2011-06-19,26.6,32.9,,,,,,,,,,,,,,,,,,,,,,,,,,,,,,,
	2011-06-20,26.6,32,,,,,,,,,,,,,,,,,,,,,,,,,,,,,,,
	2011-06-21,24.1,29.6,,,,,,,,,,,,,,,,,,,,,,,,,,,,,,,
	2011-06-22,22.7,24.9,,,,,,,,,,,,,,,,,,,,,,,,,,,,,,,
	2011-06-23,22,23.3,,,,,,,,,,,,,,,,,,,,,,,,,,,,,,,
	2011-06-24,19.7,21.6,,,,,,,,,,,,,,,,,,,,,,,,,,,,,,,
	2011-06-25,18.3,20,,,,,,,,,,,,,,,,,,,,,,,,,,,,,,,
	2011-06-26,19.2,21.6,,,,,,,,,,,,,,,,,,,,,,,,,,,,,,,
	2011-06-27,19.2,20.5,,,,,,,,,,,,,,,,,,,,,,,,,,,,,,,
	2011-06-28,24.1,29.7,,,,,,,,,,,,,,,,,,,,,,,,,,,,,,,
	2011-06-29,21,23.3,,,,,,,,,,,,,,,,,,,,,,,,,,,,,,,
	2011-06-30,23.8,27.9,,,,,,,,,,,,,,,,,,,,,,,,,,,,,,,
	2011-07-01,25.1,28.6,,,,,,,,,,,,,,,,,,,,,,,,,,,,,,,
	2011-07-02,24.7,26.8,,,,,,,,,,,,,,,,,,,,,,,,,,,,,,,
	2011-07-03,22.6,24.8,,,,,,,,,,,,,,,,,,,,,,,,,,,,,,,
	2011-07-04,22.5,28,,,,,,,,,,,,,,,,,,,,,,,,,,,,,,,
	2011-07-05,24.3,30.7,,,,,,,,,,,,,,,,,,,,,,,,,,,,,,,
	2011-07-06,25.6,31.2,,,,,,,,,,,,,,,,,,,,,,,,,,,,,,,
	2011-07-07,22.9,25.3,,,,,,,,,,,,,,,,,,,,,,,,,,,,,,,
	2011-07-08,22.4,24.6,,,,,,,,,,,,,,,,,,,,,,,,,,,,,,,
	2011-07-09,23.6,27.8,,,,,,,,,,,,,,,,,,,,,,,,,,,,,,,
	2011-07-10,24.2,28.4,,,,,,,,,,,,,,,,,,,,,,,,,,,,,,,
	2011-07-11,21.2,22.1,,,,,,,,,,,,,,,,,,,,,,,,,,,,,,,
	2011-07-12,22.8,25.6,,,,,,,,,,,,,,,,,,,,,,,,,,,,,,,
	2011-07-13,24.3,26.2,,,,,,,,,,,,,,,,,,,,,,,,,,,,,,,
	2011-07-14,23.6,24.6,,,,,,,,,,,,,,,,,,,,,,,,,,,,,,,
	2011-07-15,23.4,26,,,,,,,,,,,,,,,,,,,,,,,,,,,,,,,
	2011-07-16,22.8,25.3,,,,,,,,,,,,,,,,,,,,,,,,,,,,,,,
	2011-07-17,25.1,29.1,,,,,,,,,,,,,,,,,,,,,,,,,,,,,,,
	2011-07-18,28.7,34.1,,,,,,,,,,,,,,,,,,,,,,,,,,,,,,,
	2011-07-19,28.5,32.7,,,,,,,,,,,,,,,,,,,,,,,,,,,,,,,
	2011-07-20,27.6,32.6,,,,,,,,,,,,,,,,,,,,,,,,,,,,,,,
	2011-07-21,27.1,32.2,,,,,,,,,,,,,,,,,,,,,,,,,,,,,,,
	2011-07-22,24.1,26.6,,,,,,,,,,,,,,,,,,,,,,,,,,,,,,,
	2011-07-23,25.4,29.7,,,,,,,,,,,,,,,,,,,,,,,,,,,,,,,
	2011-07-24,24.8,27.9,,,,,,,,,,,,,,,,,,,,,,,,,,,,,,,
	2011-07-25,24.9,27.9,,,,,,,,,,,,,,,,,,,,,,,,,,,,,,,
	2011-07-26,24.8,29.3,,,,,,,,,,,,,,,,,,,,,,,,,,,,,,,
	2011-07-27,24,26.2,,,,,,,,,,,,,,,,,,,,,,,,,,,,,,,
	2011-07-28,24.7,26.3,,,,,,,,,,,,,,,,,,,,,,,,,,,,,,,
	2011-07-29,26.2,30.2,,,,,,,,,,,,,,,,,,,,,,,,,,,,,,,
	2011-07-30,27.2,30.5,,,,,,,,,,,,,,,,,,,,,,,,,,,,,,,
	2011-07-31,24.7,26.6,,,,,,,,,,,,,,,,,,,,,,,,,,,,,,,
	2011-08-01,25.6,29.2,,,,,,,,,,,,,,,,,,,,,,,,,,,,,,,
	2011-08-02,26.1,30.1,,,,,,,,,,,,,,,,,,,,,,,,,,,,,,,
	2011-08-03,25.4,28.1,,,,,,,,,,,,,,,,,,,,,,,,,,,,,,,
	2011-08-04,25.4,28,,,,,,,,,,,,,,,,,,,,,,,,,,,,,,,
	2011-08-05,28.9,34.1,,,,,,,,,,,,,,,,,,,,,,,,,,,,,,,
	2011-08-06,28.5,32.7,,,,,,,,,,,,,,,,,,,,,,,,,,,,,,,
	2011-08-07,28.7,33,,,,,,,,,,,,,,,,,,,,,,,,,,,,,,,
	2011-08-08,24.7,27.7,,,,,,,,,,,,,,,,,,,,,,,,,,,,,,,
	2011-08-09,26,28.7,,,,,,,,,,,,,,,,,,,,,,,,,,,,,,,
	2011-08-10,25.8,28.9,,,,,,,,,,,,,,,,,,,,,,,,,,,,,,,
	2011-08-11,26.6,29.9,,,,,,,,,,,,,,,,,,,,,,,,,,,,,,,
	2011-08-12,25.3,26.3,,,,,,,,,,,,,,,,,,,,,,,,,,,,,,,
	2011-08-13,25.3,26.6,,,,,,,,,,,,,,,,,,,,,,,,,,,,,,,
	2011-08-14,25,26.8,,,,,,,,,,,,,,,,,,,,,,,,,,,,,,,
	2011-08-15,24.5,26.9,,,,,,,,,,,,,,,,,,,,,,,,,,,,,,,
	2011-08-16,25,26.2,,,,,,,,,,,,,,,,,,,,,,,,,,,,,,,
	2011-08-17,23.7,24.6,,,,,,,,,,,,,,,,,,,,,,,,,,,,,,,
	2011-08-18,25.2,30.2,,,,,,,,,,,,,,,,,,,,,,,,,,,,,,,
	2011-08-19,24.4,29.2,,,,,,,,,,,,,,,,,,,,,,,,,,,,,,,
	2011-08-20,23.1,27,,,,,,,,,,,,,,,,,,,,,,,,,,,,,,,
	2011-08-21,24.4,31,,,,,,,,,,,,,,,,,,,,,,,,,,,,,,,
	2011-08-22,23.5,29.6,,,,,,,,,,,,,,,,,,,,,,,,,,,,,,,
	2011-08-23,24.3,30.5,,,,,,,,,,,,,,,,,,,,,,,,,,,,,,,
	2011-08-24,24.8,28.6,,,,,,,,,,,,,,,,,,,,,,,,,,,,,,,
	2011-08-25,25.7,30.5,,,,,,,,,,,,,,,,,,,,,,,,,,,,,,,
	2011-08-26,26.4,30.3,,,,,,,,,,,,,,,,,,,,,,,,,,,,,,,
	2011-08-27,27.6,31.2,,,,,,,,,,,,,,,,,,,,,,,,,,,,,,,
	2011-08-28,27.3,32,,,,,,,,,,,,,,,,,,,,,,,,,,,,,,,
	2011-08-29,26.8,29.9,,,,,,,,,,,,,,,,,,,,,,,,,,,,,,,
	2011-08-30,27.1,32.4,,,,,,,,,,,,,,,,,,,,,,,,,,,,,,,
	2011-08-31,27.9,32.8,,,,,,,,,,,,,,,,,,,,,,,,,,,,,,,
	2012-06-01,21.4,26.7,,,,,,,,,,,,,,,,,,,,,,,,,,,,,,,
	2012-06-02,23.1,28.8,,,,,,,,,,,,,,,,,,,,,,,,,,,,,,,
	2012-06-03,23.3,29.1,,,,,,,,,,,,,,,,,,,,,,,,,,,,,,,
	2012-06-04,23.7,29.1,,,,,,,,,,,,,,,,,,,,,,,,,,,,,,,
	2012-06-05,22.5,27.5,,,,,,,,,,,,,,,,,,,,,,,,,,,,,,,
	2012-06-06,23,28.9,,,,,,,,,,,,,,,,,,,,,,,,,,,,,,,
	2012-06-07,23,29.4,,,,,,,,,,,,,,,,,,,,,,,,,,,,,,,
	2012-06-08,22.2,27.9,,,,,,,,,,,,,,,,,,,,,,,,,,,,,,,
	2012-06-09,24.2,29.9,,,,,,,,,,,,,,,,,,,,,,,,,,,,,,,
	2012-06-10,23.7,28.7,,,,,,,,,,,,,,,,,,,,,,,,,,,,,,,
	2012-06-11,23.2,27.8,,,,,,,,,,,,,,,,,,,,,,,,,,,,,,,
	2012-06-12,22.6,28.9,,,,,,,,,,,,,,,,,,,,,,,,,,,,,,,
	2012-06-13,23.4,28.9,,,,,,,,,,,,,,,,,,,,,,,,,,,,,,,
	2012-06-14,24.8,31.7,,,,,,,,,,,,,,,,,,,,,,,,,,,,,,,
	2012-06-15,23.7,28,,,,,,,,,,,,,,,,,,,,,,,,,,,,,,,
	2012-06-16,23.5,29.9,,,,,,,,,,,,,,,,,,,,,,,,,,,,,,,
	2012-06-17,23.6,29.8,,,,,,,,,,,,,,,,,,,,,,,,,,,,,,,
	2012-06-18,24.9,30.2,,,,,,,,,,,,,,,,,,,,,,,,,,,,,,,
	2012-06-19,26,33.5,,,,,,,,,,,,,,,,,,,,,,,,,,,,,,,
	2012-06-20,25.4,31.3,,,,,,,,,,,,,,,,,,,,,,,,,,,,,,,
	2012-06-21,25.7,32.4,,,,,,,,,,,,,,,,,,,,,,,,,,,,,,,
	2012-06-22,24.3,29.3,,,,,,,,,,,,,,,,,,,,,,,,,,,,,,,
	2012-06-23,26.2,31.7,,,,,,,,,,,,,,,,,,,,,,,,,,,,,,,
	2012-06-24,27.8,32.8,,,,,,,,,,,,,,,,,,,,,,,,,,,,,,,
	2012-06-25,26.5,33.2,,,,,,,,,,,,,,,,,,,,,,,,,,,,,,,
	2012-06-26,24.6,30.8,,,,,,,,,,,,,,,,,,,,,,,,,,,,,,,
	2012-06-27,24.8,31,,,,,,,,,,,,,,,,,,,,,,,,,,,,,,,
	2012-06-28,25.3,29.6,,,,,,,,,,,,,,,,,,,,,,,,,,,,,,,
	2012-06-29,25.9,31,,,,,,,,,,,,,,,,,,,,,,,,,,,,,,,
	2012-06-30,21.9,23.7,,,,,,,,,,,,,,,,,,,,,,,,,,,,,,,
	2012-07-01,21.6,25.4,,,,,,,,,,,,,,,,,,,,,,,,,,,,,,,
	2012-07-02,24,29.8,,,,,,,,,,,,,,,,,,,,,,,,,,,,,,,
	2012-07-03,22.7,25.7,,,,,,,,,,,,,,,,,,,,,,,,,,,,,,,
	2012-07-04,24.4,27.4,,,,,,,,,,,,,,,,,,,,,,,,,,,,,,,
	2012-07-05,22.7,24.6,,,,,,,,,,,,,,,,,,,,,,,,,,,,,,,
	2012-07-06,20.9,21.8,,,,,,,,,,,,,,,,,,,,,,,,,,,,,,,
	2012-07-07,24.8,31,,,,,,,,,,,,,,,,,,,,,,,,,,,,,,,
	2012-07-08,25.8,30.7,,,,,,,,,,,,,,,,,,,,,,,,,,,,,,,
	2012-07-09,26.3,32.3,,,,,,,,,,,,,,,,,,,,,,,,,,,,,,,
	2012-07-10,25.9,29.1,,,,,,,,,,,,,,,,,,,,,,,,,,,,,,,
	2012-07-11,23.3,26.5,,,,,,,,,,,,,,,,,,,,,,,,,,,,,,,
	2012-07-12,24.7,28.5,,,,,,,,,,,,,,,,,,,,,,,,,,,,,,,
	2012-07-13,26.1,29.3,,,,,,,,,,,,,,,,,,,,,,,,,,,,,,,
	2012-07-14,22.8,26.2,,,,,,,,,,,,,,,,,,,,,,,,,,,,,,,
	2012-07-15,19.7,20.5,,,,,,,,,,,,,,,,,,,,,,,,,,,,,,,
	2012-07-16,21.7,25,,,,,,,,,,,,,,,,,,,,,,,,,,,,,,,
	2012-07-17,25.5,29,,,,,,,,,,,,,,,,,,,,,,,,,,,,,,,
	2012-07-18,26.3,28.4,,,,,,,,,,,,,,,,,,,,,,,,,,,,,,,
	2012-07-19,23.9,26.5,,,,,,,,,,,,,,,,,,,,,,,,,,,,,,,
	2012-07-20,25.6,29.7,,,,,,,,,,,,,,,,,,,,,,,,,,,,,,,
	2012-07-21,27.5,31.4,,,,,,,,,,,,,,,,,,,,,,,,,,,,,,,
	2012-07-22,27.2,30.4,,,,,,,,,,,,,,,,,,,,,,,,,,,,,,,
	2012-07-23,27.6,30.5,,,,,,,,,,,,,,,,,,,,,,,,,,,,,,,
	2012-07-24,27.8,32.1,,,,,,,,,,,,,,,,,,,,,,,,,,,,,,,
	2012-07-25,27.9,32.1,,,,,,,,,,,,,,,,,,,,,,,,,,,,,,,
	2012-07-26,28.1,32.6,,,,,,,,,,,,,,,,,,,,,,,,,,,,,,,
	2012-07-27,27.9,32.3,,,,,,,,,,,,,,,,,,,,,,,,,,,,,,,
	2012-07-28,28.5,33.2,,,,,,,,,,,,,,,,,,,,,,,,,,,,,,,
	2012-07-29,29.2,33.2,,,,,,,,,,,,,,,,,,,,,,,,,,,,,,,
	2012-07-30,28.4,31.6,,,,,,,,,,,,,,,,,,,,,,,,,,,,,,,
	2012-07-31,29,33,,,,,,,,,,,,,,,,,,,,,,,,,,,,,,,
	2012-08-01,30.8,35.3,,,,,,,,,,,,,,,,,,,,,,,,,,,,,,,
	2012-08-02,30.8,35.5,,,,,,,,,,,,,,,,,,,,,,,,,,,,,,,
	2012-08-03,31.3,35.4,,,,,,,,,,,,,,,,,,,,,,,,,,,,,,,
	2012-08-04,31.7,36.2,,,,,,,,,,,,,,,,,,,,,,,,,,,,,,,
	2012-08-05,31.8,36.7,,,,,,,,,,,,,,,,,,,,,,,,,,,,,,,
	2012-08-06,31.5,35.8,,,,,,,,,,,,,,,,,,,,,,,,,,,,,,,
	2012-08-07,30.7,35,,,,,,,,,,,,,,,,,,,,,,,,,,,,,,,
	2012-08-08,29.6,34.3,,,,,,,,,,,,,,,,,,,,,,,,,,,,,,,
	2012-08-09,29.7,34.6,,,,,,,,,,,,,,,,,,,,,,,,,,,,,,,
	2012-08-10,27.4,29,,,,,,,,,,,,,,,,,,,,,,,,,,,,,,,
	2012-08-11,27.7,31.8,,,,,,,,,,,,,,,,,,,,,,,,,,,,,,,
	2012-08-12,25.5,27.9,,,,,,,,,,,,,,,,,,,,,,,,,,,,,,,
	2012-08-13,26.6,32.1,,,,,,,,,,,,,,,,,,,,,,,,,,,,,,,
	2012-08-14,26.7,31.2,,,,,,,,,,,,,,,,,,,,,,,,,,,,,,,
	2012-08-15,23.7,27.1,,,,,,,,,,,,,,,,,,,,,,,,,,,,,,,
	2012-08-16,26,28.9,,,,,,,,,,,,,,,,,,,,,,,,,,,,,,,
	2012-08-17,27.5,32.2,,,,,,,,,,,,,,,,,,,,,,,,,,,,,,,
	2012-08-18,27.2,28.6,,,,,,,,,,,,,,,,,,,,,,,,,,,,,,,
	2012-08-19,27.9,30.8,,,,,,,,,,,,,,,,,,,,,,,,,,,,,,,
	2012-08-20,25.4,27.1,,,,,,,,,,,,,,,,,,,,,,,,,,,,,,,
	2012-08-21,25.3,28.7,,,,,,,,,,,,,,,,,,,,,,,,,,,,,,,
	2012-08-22,22,24.6,,,,,,,,,,,,,,,,,,,,,,,,,,,,,,,
	2012-08-23,23,25.7,,,,,,,,,,,,,,,,,,,,,,,,,,,,,,,
	2012-08-24,23.3,26.1,,,,,,,,,,,,,,,,,,,,,,,,,,,,,,,
	2012-08-25,25,28.9,,,,,,,,,,,,,,,,,,,,,,,,,,,,,,,
	2012-08-26,27.5,32.4,,,,,,,,,,,,,,,,,,,,,,,,,,,,,,,
	2012-08-27,28.5,32.9,,,,,,,,,,,,,,,,,,,,,,,,,,,,,,,
	2012-08-28,26.1,29.4,,,,,,,,,,,,,,,,,,,,,,,,,,,,,,,
	2012-08-29,25.7,29.1,,,,,,,,,,,,,,,,,,,,,,,,,,,,,,,
	2012-08-30,21.4,24.7,,,,,,,,,,,,,,,,,,,,,,,,,,,,,,,
	2012-08-31,23.8,28.4,,,,,,,,,,,,,,,,,,,,,,,,,,,,,,,
	2013-06-01,21.7,27.9,,,,,,,,,,,,,,,,,,,,,,,,,,,,,,,
	2013-06-02,23.5,30.8,,,,,,,,,,,,,,,,,,,,,,,,,,,,,,,
	2013-06-03,21.3,26.7,,,,,,,,,,,,,,,,,,,,,,,,,,,,,,,
	2013-06-04,22.8,28.4,,,,,,,,,,,,,,,,,,,,,,,,,,,,,,,
	2013-06-05,24.8,30.4,,,,,,,,,,,,,,,,,,,,,,,,,,,,,,,
	2013-06-06,25,30,,,,,,,,,,,,,,,,,,,,,,,,,,,,,,,
	2013-06-07,25.7,31.1,,,,,,,,,,,,,,,,,,,,,,,,,,,,,,,
	2013-06-08,26.4,31.2,,,,,,,,,,,,,,,,,,,,,,,,,,,,,,,
	2013-06-09,27.4,32.4,,,,,,,,,,,,,,,,,,,,,,,,,,,,,,,
	2013-06-10,27.5,32.2,,,,,,,,,,,,,,,,,,,,,,,,,,,,,,,
	2013-06-11,23.7,26.7,,,,,,,,,,,,,,,,,,,,,,,,,,,,,,,
	2013-06-12,20.5,22.5,,,,,,,,,,,,,,,,,,,,,,,,,,,,,,,
	2013-06-13,23,27.5,,,,,,,,,,,,,,,,,,,,,,,,,,,,,,,
	2013-06-14,24.6,29.7,,,,,,,,,,,,,,,,,,,,,,,,,,,,,,,
	2013-06-15,24.6,29.1,,,,,,,,,,,,,,,,,,,,,,,,,,,,,,,
	2013-06-16,22.5,27.5,,,,,,,,,,,,,,,,,,,,,,,,,,,,,,,
	2013-06-17,22.3,25.8,,,,,,,,,,,,,,,,,,,,,,,,,,,,,,,
	2013-06-18,21.7,23.1,,,,,,,,,,,,,,,,,,,,,,,,,,,,,,,
	2013-06-19,24.3,29.6,,,,,,,,,,,,,,,,,,,,,,,,,,,,,,,
	2013-06-20,25.8,31.1,,,,,,,,,,,,,,,,,,,,,,,,,,,,,,,
	2013-06-21,26.6,31.8,,,,,,,,,,,,,,,,,,,,,,,,,,,,,,,
	2013-06-22,25.1,29.6,,,,,,,,,,,,,,,,,,,,,,,,,,,,,,,
	2013-06-23,22.9,26.2,,,,,,,,,,,,,,,,,,,,,,,,,,,,,,,
	2013-06-24,23.5,29.4,,,,,,,,,,,,,,,,,,,,,,,,,,,,,,,
	2013-06-25,25.1,29.8,,,,,,,,,,,,,,,,,,,,,,,,,,,,,,,
	2013-06-26,24.5,29.7,,,,,,,,,,,,,,,,,,,,,,,,,,,,,,,
	2013-06-27,25.1,31.8,,,,,,,,,,,,,,,,,,,,,,,,,,,,,,,
	2013-06-28,25.5,30.6,,,,,,,,,,,,,,,,,,,,,,,,,,,,,,,
	2013-06-29,27.2,32.6,,,,,,,,,,,,,,,,,,,,,,,,,,,,,,,
	2013-06-30,27.7,31.9,,,,,,,,,,,,,,,,,,,,,,,,,,,,,,,
	2013-07-01,27.1,31.3,,,,,,,,,,,,,,,,,,,,,,,,,,,,,,,
	2013-07-02,24.3,27.9,,,,,,,,,,,,,,,,,,,,,,,,,,,,,,,
	2013-07-03,25.2,30.7,,,,,,,,,,,,,,,,,,,,,,,,,,,,,,,
	2013-07-04,24.9,27.6,,,,,,,,,,,,,,,,,,,,,,,,,,,,,,,
	2013-07-05,25.6,30.2,,,,,,,,,,,,,,,,,,,,,,,,,,,,,,,
	2013-07-06,25.2,30.6,,,,,,,,,,,,,,,,,,,,,,,,,,,,,,,
	2013-07-07,24.9,29.5,,,,,,,,,,,,,,,,,,,,,,,,,,,,,,,
	2013-07-08,24.3,26.3,,,,,,,,,,,,,,,,,,,,,,,,,,,,,,,
	2013-07-09,24.5,26.2,,,,,,,,,,,,,,,,,,,,,,,,,,,,,,,
	2013-07-10,25.3,26.1,,,,,,,,,,,,,,,,,,,,,,,,,,,,,,,
	2013-07-11,24.6,25.1,,,,,,,,,,,,,,,,,,,,,,,,,,,,,,,
	2013-07-12,23.6,24.3,,,,,,,,,,,,,,,,,,,,,,,,,,,,,,,
	2013-07-13,24.2,25.6,,,,,,,,,,,,,,,,,,,,,,,,,,,,,,,
	2013-07-14,24.1,25.4,,,,,,,,,,,,,,,,,,,,,,,,,,,,,,,
	2013-07-15,26.5,29.1,,,,,,,,,,,,,,,,,,,,,,,,,,,,,,,
	2013-07-16,26.9,28.8,,,,,,,,,,,,,,,,,,,,,,,,,,,,,,,
	2013-07-17,24.2,25.7,,,,,,,,,,,,,,,,,,,,,,,,,,,,,,,
	2013-07-18,25.1,27.7,,,,,,,,,,,,,,,,,,,,,,,,,,,,,,,
	2013-07-19,26.8,30.5,,,,,,,,,,,,,,,,,,,,,,,,,,,,,,,
	2013-07-20,27,30.3,,,,,,,,,,,,,,,,,,,,,,,,,,,,,,,
	2013-07-21,26.8,28.4,,,,,,,,,,,,,,,,,,,,,,,,,,,,,,,
	2013-07-22,26.4,29.4,,,,,,,,,,,,,,,,,,,,,,,,,,,,,,,
	2013-07-23,25.7,26.4,,,,,,,,,,,,,,,,,,,,,,,,,,,,,,,
	2013-07-24,24.7,27.6,,,,,,,,,,,,,,,,,,,,,,,,,,,,,,,
	2013-07-25,26,30.2,,,,,,,,,,,,,,,,,,,,,,,,,,,,,,,
	2013-07-26,26.5,31.1,,,,,,,,,,,,,,,,,,,,,,,,,,,,,,,
	2013-07-27,26.2,31.2,,,,,,,,,,,,,,,,,,,,,,,,,,,,,,,
	2013-07-28,25.3,26.7,,,,,,,,,,,,,,,,,,,,,,,,,,,,,,,
	2013-07-29,26.5,29.6,,,,,,,,,,,,,,,,,,,,,,,,,,,,,,,
	2013-07-30,26.3,29.9,,,,,,,,,,,,,,,,,,,,,,,,,,,,,,,
	2013-07-31,26.4,29,,,,,,,,,,,,,,,,,,,,,,,,,,,,,,,
	2013-08-01,28,32.1,,,,,,,,,,,,,,,,,,,,,,,,,,,,,,,
	2013-08-02,27.4,29.3,,,,,,,,,,,,,,,,,,,,,,,,,,,,,,,
	2013-08-03,28.9,32.6,,,,,,,,,,,,,,,,,,,,,,,,,,,,,,,
	2013-08-04,28.3,31.3,,,,,,,,,,,,,,,,,,,,,,,,,,,,,,,
	2013-08-05,27.7,30.1,,,,,,,,,,,,,,,,,,,,,,,,,,,,,,,
	2013-08-06,26.4,27.6,,,,,,,,,,,,,,,,,,,,,,,,,,,,,,,
	2013-08-07,28.7,32.1,,,,,,,,,,,,,,,,,,,,,,,,,,,,,,,
	2013-08-08,29.3,32.8,,,,,,,,,,,,,,,,,,,,,,,,,,,,,,,
	2013-08-09,29.2,30.8,,,,,,,,,,,,,,,,,,,,,,,,,,,,,,,
	2013-08-10,28,29.4,,,,,,,,,,,,,,,,,,,,,,,,,,,,,,,
	2013-08-11,28.7,33.2,,,,,,,,,,,,,,,,,,,,,,,,,,,,,,,
	2013-08-12,29.3,32.6,,,,,,,,,,,,,,,,,,,,,,,,,,,,,,,
	2013-08-13,29,32.9,,,,,,,,,,,,,,,,,,,,,,,,,,,,,,,
	2013-08-14,28.6,32,,,,,,,,,,,,,,,,,,,,,,,,,,,,,,,
	2013-08-15,28.7,32.4,,,,,,,,,,,,,,,,,,,,,,,,,,,,,,,
	2013-08-16,28.7,31.7,,,,,,,,,,,,,,,,,,,,,,,,,,,,,,,
	2013-08-17,28.7,31.6,,,,,,,,,,,,,,,,,,,,,,,,,,,,,,,
	2013-08-18,28.3,31.5,,,,,,,,,,,,,,,,,,,,,,,,,,,,,,,
	2013-08-19,28.2,32.3,,,,,,,,,,,,,,,,,,,,,,,,,,,,,,,
	2013-08-20,27.4,32.3,,,,,,,,,,,,,,,,,,,,,,,,,,,,,,,
	2013-08-21,28.8,33.9,,,,,,,,,,,,,,,,,,,,,,,,,,,,,,,
	2013-08-22,29.3,32.3,,,,,,,,,,,,,,,,,,,,,,,,,,,,,,,
	2013-08-23,25.7,28.7,,,,,,,,,,,,,,,,,,,,,,,,,,,,,,,
	2013-08-24,26.6,31.5,,,,,,,,,,,,,,,,,,,,,,,,,,,,,,,
	2013-08-25,27.1,32.1,,,,,,,,,,,,,,,,,,,,,,,,,,,,,,,
	2013-08-26,27,31.6,,,,,,,,,,,,,,,,,,,,,,,,,,,,,,,
	2013-08-27,25.6,29.3,,,,,,,,,,,,,,,,,,,,,,,,,,,,,,,
	2013-08-28,26.4,30.8,,,,,,,,,,,,,,,,,,,,,,,,,,,,,,,
	2013-08-29,25.5,26.7,,,,,,,,,,,,,,,,,,,,,,,,,,,,,,,
	2013-08-30,25.1,28.3,,,,,,,,,,,,,,,,,,,,,,,,,,,,,,,
	2013-08-31,24,27.9,,,,,,,,,,,,,,,,,,,,,,,,,,,,,,,
	2014-06-01,24.7,29.9,,,,,,,,,,,,,,,,,,,,,,,,,,,,,,,
	2014-06-02,22.6,24.6,,,,,,,,,,,,,,,,,,,,,,,,,,,,,,,
	2014-06-03,18.7,21,,,,,,,,,,,,,,,,,,,,,,,,,,,,,,,
	2014-06-04,22.8,27.8,,,,,,,,,,,,,,,,,,,,,,,,,,,,,,,
	2014-06-05,22.9,26.1,,,,,,,,,,,,,,,,,,,,,,,,,,,,,,,
	2014-06-06,24.4,31.1,,,,,,,,,,,,,,,,,,,,,,,,,,,,,,,
	2014-06-07,23.5,27.1,,,,,,,,,,,,,,,,,,,,,,,,,,,,,,,
	2014-06-08,21.4,24.5,,,,,,,,,,,,,,,,,,,,,,,,,,,,,,,
	2014-06-09,22.9,28.7,,,,,,,,,,,,,,,,,,,,,,,,,,,,,,,
	2014-06-10,23.6,29.3,,,,,,,,,,,,,,,,,,,,,,,,,,,,,,,
	2014-06-11,20.5,26.9,,,,,,,,,,,,,,,,,,,,,,,,,,,,,,,
	2014-06-12,21.2,27.1,,,,,,,,,,,,,,,,,,,,,,,,,,,,,,,
	2014-06-13,21.3,25.8,,,,,,,,,,,,,,,,,,,,,,,,,,,,,,,
	2014-06-14,22.5,27.7,,,,,,,,,,,,,,,,,,,,,,,,,,,,,,,
	2014-06-15,23.2,28.5,,,,,,,,,,,,,,,,,,,,,,,,,,,,,,,
	2014-06-16,23.9,29,,,,,,,,,,,,,,,,,,,,,,,,,,,,,,,
	2014-06-17,24.5,30.7,,,,,,,,,,,,,,,,,,,,,,,,,,,,,,,
	2014-06-18,24.4,29.1,,,,,,,,,,,,,,,,,,,,,,,,,,,,,,,
	2014-06-19,22.5,25.6,,,,,,,,,,,,,,,,,,,,,,,,,,,,,,,
	2014-06-20,24.2,28.6,,,,,,,,,,,,,,,,,,,,,,,,,,,,,,,
	2014-06-21,23.1,28.2,,,,,,,,,,,,,,,,,,,,,,,,,,,,,,,
	2014-06-22,23.7,29,,,,,,,,,,,,,,,,,,,,,,,,,,,,,,,
	2014-06-23,21,23.2,,,,,,,,,,,,,,,,,,,,,,,,,,,,,,,
	2014-06-24,22.9,27.2,,,,,,,,,,,,,,,,,,,,,,,,,,,,,,,
	2014-06-25,23.8,29,,,,,,,,,,,,,,,,,,,,,,,,,,,,,,,
	2014-06-26,24.4,29.5,,,,,,,,,,,,,,,,,,,,,,,,,,,,,,,
	2014-06-27,24.1,29.5,,,,,,,,,,,,,,,,,,,,,,,,,,,,,,,
	2014-06-28,23.8,28.4,,,,,,,,,,,,,,,,,,,,,,,,,,,,,,,
	2014-06-29,24.1,29.8,,,,,,,,,,,,,,,,,,,,,,,,,,,,,,,
	2014-06-30,25.3,30.2,,,,,,,,,,,,,,,,,,,,,,,,,,,,,,,
	2014-07-01,26,31.2,,,,,,,,,,,,,,,,,,,,,,,,,,,,,,,
	2014-07-02,25.7,31.1,,,,,,,,,,,,,,,,,,,,,,,,,,,,,,,
	2014-07-03,22.6,24.7,,,,,,,,,,,,,,,,,,,,,,,,,,,,,,,
	2014-07-04,26.8,32.3,,,,,,,,,,,,,,,,,,,,,,,,,,,,,,,
	2014-07-05,25.7,29.7,,,,,,,,,,,,,,,,,,,,,,,,,,,,,,,
	2014-07-06,25.7,29.5,,,,,,,,,,,,,,,,,,,,,,,,,,,,,,,
	2014-07-07,27.1,33.8,,,,,,,,,,,,,,,,,,,,,,,,,,,,,,,
	2014-07-08,25.9,29.3,,,,,,,,,,,,,,,,,,,,,,,,,,,,,,,
	2014-07-09,27.6,33,,,,,,,,,,,,,,,,,,,,,,,,,,,,,,,
	2014-07-10,28.9,33.6,,,,,,,,,,,,,,,,,,,,,,,,,,,,,,,
	2014-07-11,27.1,32.8,,,,,,,,,,,,,,,,,,,,,,,,,,,,,,,
	2014-07-12,25.3,29.6,,,,,,,,,,,,,,,,,,,,,,,,,,,,,,,
	2014-07-13,25.4,29.4,,,,,,,,,,,,,,,,,,,,,,,,,,,,,,,
	2014-07-14,26.4,30.7,,,,,,,,,,,,,,,,,,,,,,,,,,,,,,,
	2014-07-15,26.8,32.3,,,,,,,,,,,,,,,,,,,,,,,,,,,,,,,
	2014-07-16,26.6,32.2,,,,,,,,,,,,,,,,,,,,,,,,,,,,,,,
	2014-07-17,25.9,29.6,,,,,,,,,,,,,,,,,,,,,,,,,,,,,,,
	2014-07-18,26.1,30.6,,,,,,,,,,,,,,,,,,,,,,,,,,,,,,,
	2014-07-19,27,30.7,,,,,,,,,,,,,,,,,,,,,,,,,,,,,,,
	2014-07-20,27.9,33.2,,,,,,,,,,,,,,,,,,,,,,,,,,,,,,,
	2014-07-21,27.3,31.6,,,,,,,,,,,,,,,,,,,,,,,,,,,,,,,
	2014-07-22,25.9,28.2,,,,,,,,,,,,,,,,,,,,,,,,,,,,,,,
	2014-07-23,23.6,25.2,,,,,,,,,,,,,,,,,,,,,,,,,,,,,,,
	2014-07-24,21.9,24.5,,,,,,,,,,,,,,,,,,,,,,,,,,,,,,,
	2014-07-25,27.5,33.7,,,,,,,,,,,,,,,,,,,,,,,,,,,,,,,
	2014-07-26,22.6,27.3,,,,,,,,,,,,,,,,,,,,,,,,,,,,,,,
	2014-07-27,25,30.6,,,,,,,,,,,,,,,,,,,,,,,,,,,,,,,
	2014-07-28,26.6,31.3,,,,,,,,,,,,,,,,,,,,,,,,,,,,,,,
	2014-07-29,26.5,30.1,,,,,,,,,,,,,,,,,,,,,,,,,,,,,,,
	2014-07-30,28.6,33.5,,,,,,,,,,,,,,,,,,,,,,,,,,,,,,,
	2014-07-31,28.6,34.4,,,,,,,,,,,,,,,,,,,,,,,,,,,,,,,
	2014-08-01,30.2,34.7,,,,,,,,,,,,,,,,,,,,,,,,,,,,,,,
	2014-08-02,31.4,35.8,,,,,,,,,,,,,,,,,,,,,,,,,,,,,,,
	2014-08-03,26.5,30.5,,,,,,,,,,,,,,,,,,,,,,,,,,,,,,,
	2014-08-04,26.4,29.6,,,,,,,,,,,,,,,,,,,,,,,,,,,,,,,
	2014-08-05,26.6,29.2,,,,,,,,,,,,,,,,,,,,,,,,,,,,,,,
	2014-08-06,24.4,26.2,,,,,,,,,,,,,,,,,,,,,,,,,,,,,,,
	2014-08-07,24.7,27.1,,,,,,,,,,,,,,,,,,,,,,,,,,,,,,,
	2014-08-08,26.1,30.6,,,,,,,,,,,,,,,,,,,,,,,,,,,,,,,
	2014-08-09,26.5,31.6,,,,,,,,,,,,,,,,,,,,,,,,,,,,,,,
	2014-08-10,23.4,27.7,,,,,,,,,,,,,,,,,,,,,,,,,,,,,,,
	2014-08-11,23.7,28.6,,,,,,,,,,,,,,,,,,,,,,,,,,,,,,,
	2014-08-12,25.8,30.4,,,,,,,,,,,,,,,,,,,,,,,,,,,,,,,
	2014-08-13,24.2,26.7,,,,,,,,,,,,,,,,,,,,,,,,,,,,,,,
	2014-08-14,22.3,24.2,,,,,,,,,,,,,,,,,,,,,,,,,,,,,,,
	2014-08-15,24.9,29.6,,,,,,,,,,,,,,,,,,,,,,,,,,,,,,,
	2014-08-16,26.1,31.8,,,,,,,,,,,,,,,,,,,,,,,,,,,,,,,
	2014-08-17,24,25,,,,,,,,,,,,,,,,,,,,,,,,,,,,,,,
	2014-08-18,22.3,24.4,,,,,,,,,,,,,,,,,,,,,,,,,,,,,,,
	2014-08-19,22.3,25.3,,,,,,,,,,,,,,,,,,,,,,,,,,,,,,,
	2014-08-20,24.8,28,,,,,,,,,,,,,,,,,,,,,,,,,,,,,,,
	2014-08-21,23.1,24.6,,,,,,,,,,,,,,,,,,,,,,,,,,,,,,,
	2014-08-22,24.7,28.2,,,,,,,,,,,,,,,,,,,,,,,,,,,,,,,
	2014-08-23,25.2,29.7,,,,,,,,,,,,,,,,,,,,,,,,,,,,,,,
	2014-08-24,25.6,30.7,,,,,,,,,,,,,,,,,,,,,,,,,,,,,,,
	2014-08-25,25.9,28.6,,,,,,,,,,,,,,,,,,,,,,,,,,,,,,,
	2014-08-26,25.4,29.6,,,,,,,,,,,,,,,,,,,,,,,,,,,,,,,
	2014-08-27,24.6,28.6,,,,,,,,,,,,,,,,,,,,,,,,,,,,,,,
	2014-08-28,25.1,30.7,,,,,,,,,,,,,,,,,,,,,,,,,,,,,,,
	2014-08-29,25.2,30.1,,,,,,,,,,,,,,,,,,,,,,,,,,,,,,,
	2014-08-30,24.6,30.7,,,,,,,,,,,,,,,,,,,,,,,,,,,,,,,
	2014-08-31,24.1,29,,,,,,,,,,,,,,,,,,,,,,,,,,,,,,,
	2015-06-01,21.7,28.5,,,,,,,,,,,,,,,,,,,,,,,,,,,,,,,
	2015-06-02,23.1,29.8,,,,,,,,,,,,,,,,,,,,,,,,,,,,,,,
	2015-06-03,23.3,29.4,,,,,,,,,,,,,,,,,,,,,,,,,,,,,,,
	2015-06-04,24.2,31.5,,,,,,,,,,,,,,,,,,,,,,,,,,,,,,,
	2015-06-05,19.1,22,,,,,,,,,,,,,,,,,,,,,,,,,,,,,,,
	2015-06-06,22.4,28.9,,,,,,,,,,,,,,,,,,,,,,,,,,,,,,,
	2015-06-07,23.4,31.5,,,,,,,,,,,,,,,,,,,,,,,,,,,,,,,
	2015-06-08,22.4,27.8,,,,,,,,,,,,,,,,,,,,,,,,,,,,,,,
	2015-06-09,22.2,28.1,,,,,,,,,,,,,,,,,,,,,,,,,,,,,,,
	2015-06-10,25.3,34.9,,,,,,,,,,,,,,,,,,,,,,,,,,,,,,,
	2015-06-11,24.6,30.2,,,,,,,,,,,,,,,,,,,,,,,,,,,,,,,
	2015-06-12,23.6,29.9,,,,,,,,,,,,,,,,,,,,,,,,,,,,,,,
	2015-06-13,24.7,30.9,,,,,,,,,,,,,,,,,,,,,,,,,,,,,,,
	2015-06-14,22.8,27.7,,,,,,,,,,,,,,,,,,,,,,,,,,,,,,,
	2015-06-15,24.2,30.6,,,,,,,,,,,,,,,,,,,,,,,,,,,,,,,
	2015-06-16,25,30.9,,,,,,,,,,,,,,,,,,,,,,,,,,,,,,,
	2015-06-17,23.4,30.8,,,,,,,,,,,,,,,,,,,,,,,,,,,,,,,
	2015-06-18,24.8,31.3,,,,,,,,,,,,,,,,,,,,,,,,,,,,,,,
	2015-06-19,24.5,29.9,,,,,,,,,,,,,,,,,,,,,,,,,,,,,,,
	2015-06-20,19.6,22.6,,,,,,,,,,,,,,,,,,,,,,,,,,,,,,,
	2015-06-21,22.4,29.6,,,,,,,,,,,,,,,,,,,,,,,,,,,,,,,
	2015-06-22,24,29.1,,,,,,,,,,,,,,,,,,,,,,,,,,,,,,,
	2015-06-23,24.7,31,,,,,,,,,,,,,,,,,,,,,,,,,,,,,,,
	2015-06-24,25.7,30.6,,,,,,,,,,,,,,,,,,,,,,,,,,,,,,,
	2015-06-25,24.8,29.1,,,,,,,,,,,,,,,,,,,,,,,,,,,,,,,
	2015-06-26,21,25.3,,,,,,,,,,,,,,,,,,,,,,,,,,,,,,,
	2015-06-27,25.2,31.1,,,,,,,,,,,,,,,,,,,,,,,,,,,,,,,
	2015-06-28,25.4,31.1,,,,,,,,,,,,,,,,,,,,,,,,,,,,,,,
	2015-06-29,25.7,30.6,,,,,,,,,,,,,,,,,,,,,,,,,,,,,,,
	2015-06-30,24.4,29.2,,,,,,,,,,,,,,,,,,,,,,,,,,,,,,,
	2015-07-01,23.7,27.9,,,,,,,,,,,,,,,,,,,,,,,,,,,,,,,
	2015-07-02,23.7,29.3,,,,,,,,,,,,,,,,,,,,,,,,,,,,,,,
	2015-07-03,23.3,28.3,,,,,,,,,,,,,,,,,,,,,,,,,,,,,,,
	2015-07-04,24.1,29.9,,,,,,,,,,,,,,,,,,,,,,,,,,,,,,,
	2015-07-05,24.2,29.6,,,,,,,,,,,,,,,,,,,,,,,,,,,,,,,
	2015-07-06,25.3,32.5,,,,,,,,,,,,,,,,,,,,,,,,,,,,,,,
	2015-07-07,25.6,29.7,,,,,,,,,,,,,,,,,,,,,,,,,,,,,,,
	2015-07-08,23.4,26.3,,,,,,,,,,,,,,,,,,,,,,,,,,,,,,,
	2015-07-09,26.5,31.8,,,,,,,,,,,,,,,,,,,,,,,,,,,,,,,
	2015-07-10,29.2,34.3,,,,,,,,,,,,,,,,,,,,,,,,,,,,,,,
	2015-07-11,30.4,36,,,,,,,,,,,,,,,,,,,,,,,,,,,,,,,
	2015-07-12,24.8,28,,,,,,,,,,,,,,,,,,,,,,,,,,,,,,,
	2015-07-13,23.1,24.9,,,,,,,,,,,,,,,,,,,,,,,,,,,,,,,
	2015-07-14,26.1,31.4,,,,,,,,,,,,,,,,,,,,,,,,,,,,,,,
	2015-07-15,27.9,33.9,,,,,,,,,,,,,,,,,,,,,,,,,,,,,,,
	2015-07-16,24.7,28.9,,,,,,,,,,,,,,,,,,,,,,,,,,,,,,,
	2015-07-17,23.6,28.6,,,,,,,,,,,,,,,,,,,,,,,,,,,,,,,
	2015-07-18,24.3,27.8,,,,,,,,,,,,,,,,,,,,,,,,,,,,,,,
	2015-07-19,25.1,29.8,,,,,,,,,,,,,,,,,,,,,,,,,,,,,,,
	2015-07-20,27.5,31.2,,,,,,,,,,,,,,,,,,,,,,,,,,,,,,,
	2015-07-21,27,29.6,,,,,,,,,,,,,,,,,,,,,,,,,,,,,,,
	2015-07-22,27.7,31.7,,,,,,,,,,,,,,,,,,,,,,,,,,,,,,,
	2015-07-23,26.9,32.1,,,,,,,,,,,,,,,,,,,,,,,,,,,,,,,
	2015-07-24,24.7,25.4,,,,,,,,,,,,,,,,,,,,,,,,,,,,,,,
	2015-07-25,25,26.4,,,,,,,,,,,,,,,,,,,,,,,,,,,,,,,
	2015-07-26,26,30,,,,,,,,,,,,,,,,,,,,,,,,,,,,,,,
	2015-07-27,26.2,30,,,,,,,,,,,,,,,,,,,,,,,,,,,,,,,
	2015-07-28,27.7,31.2,,,,,,,,,,,,,,,,,,,,,,,,,,,,,,,
	2015-07-29,26.7,28.8,,,,,,,,,,,,,,,,,,,,,,,,,,,,,,,
	2015-07-30,28.6,33.1,,,,,,,,,,,,,,,,,,,,,,,,,,,,,,,
	2015-07-31,27.9,32.4,,,,,,,,,,,,,,,,,,,,,,,,,,,,,,,
	2015-08-01,28.2,31.6,,,,,,,,,,,,,,,,,,,,,,,,,,,,,,,
	2015-08-02,26.5,29.2,,,,,,,,,,,,,,,,,,,,,,,,,,,,,,,
	2015-08-03,27.9,31.5,,,,,,,,,,,,,,,,,,,,,,,,,,,,,,,
	2015-08-04,27.5,30.8,,,,,,,,,,,,,,,,,,,,,,,,,,,,,,,
	2015-08-05,28.6,32.7,,,,,,,,,,,,,,,,,,,,,,,,,,,,,,,
	2015-08-06,29.3,34.4,,,,,,,,,,,,,,,,,,,,,,,,,,,,,,,
	2015-08-07,28.9,34.4,,,,,,,,,,,,,,,,,,,,,,,,,,,,,,,
	2015-08-08,26.6,33,,,,,,,,,,,,,,,,,,,,,,,,,,,,,,,
	2015-08-09,26.7,31,,,,,,,,,,,,,,,,,,,,,,,,,,,,,,,
	2015-08-10,27,32,,,,,,,,,,,,,,,,,,,,,,,,,,,,,,,
	2015-08-11,26.8,30.6,,,,,,,,,,,,,,,,,,,,,,,,,,,,,,,
	2015-08-12,27.3,32.9,,,,,,,,,,,,,,,,,,,,,,,,,,,,,,,
	2015-08-13,26.5,31.1,,,,,,,,,,,,,,,,,,,,,,,,,,,,,,,
	2015-08-14,26.9,32.5,,,,,,,,,,,,,,,,,,,,,,,,,,,,,,,
	2015-08-15,27.1,30.8,,,,,,,,,,,,,,,,,,,,,,,,,,,,,,,
	2015-08-16,25.8,31.2,,,,,,,,,,,,,,,,,,,,,,,,,,,,,,,
	2015-08-17,26.6,32.9,,,,,,,,,,,,,,,,,,,,,,,,,,,,,,,
	2015-08-18,27.9,32.2,,,,,,,,,,,,,,,,,,,,,,,,,,,,,,,
	2015-08-19,26.8,29.7,,,,,,,,,,,,,,,,,,,,,,,,,,,,,,,
	2015-08-20,25.4,28.1,,,,,,,,,,,,,,,,,,,,,,,,,,,,,,,
	2015-08-21,25.2,29.3,,,,,,,,,,,,,,,,,,,,,,,,,,,,,,,
	2015-08-22,25.5,29.6,,,,,,,,,,,,,,,,,,,,,,,,,,,,,,,
	2015-08-23,26.3,31.7,,,,,,,,,,,,,,,,,,,,,,,,,,,,,,,
	2015-08-24,26.3,30.3,,,,,,,,,,,,,,,,,,,,,,,,,,,,,,,
	2015-08-25,21.7,24.5,,,,,,,,,,,,,,,,,,,,,,,,,,,,,,,
	2015-08-26,21.9,25.3,,,,,,,,,,,,,,,,,,,,,,,,,,,,,,,
	2015-08-27,24.7,30,,,,,,,,,,,,,,,,,,,,,,,,,,,,,,,
	2015-08-28,23.2,28.1,,,,,,,,,,,,,,,,,,,,,,,,,,,,,,,
	2015-08-29,24.4,30.8,,,,,,,,,,,,,,,,,,,,,,,,,,,,,,,
	2015-08-30,24.9,31,,,,,,,,,,,,,,,,,,,,,,,,,,,,,,,
	2015-08-31,25.9,31.2,,,,,,,,,,,,,,,,,,,,,,,,,,,,,,,
	2016-06-01,23.3,29.9,,,,,,,,,,,,,,,,,,,,,,,,,,,,,,,
	2016-06-02,23.2,29.1,,,,,,,,,,,,,,,,,,,,,,,,,,,,,,,
	2016-06-03,22.2,27.7,,,,,,,,,,,,,,,,,,,,,,,,,,,,,,,
	2016-06-04,21.2,26.3,,,,,,,,,,,,,,,,,,,,,,,,,,,,,,,
	2016-06-05,24.7,32.2,,,,,,,,,,,,,,,,,,,,,,,,,,,,,,,
	2016-06-06,23.3,28.4,,,,,,,,,,,,,,,,,,,,,,,,,,,,,,,
	2016-06-07,21.7,25.9,,,,,,,,,,,,,,,,,,,,,,,,,,,,,,,
	2016-06-08,22.1,27.7,,,,,,,,,,,,,,,,,,,,,,,,,,,,,,,
	2016-06-09,24.1,31.3,,,,,,,,,,,,,,,,,,,,,,,,,,,,,,,
	2016-06-10,24.6,31.3,,,,,,,,,,,,,,,,,,,,,,,,,,,,,,,
	2016-06-11,23.5,26.5,,,,,,,,,,,,,,,,,,,,,,,,,,,,,,,
	2016-06-12,23.5,26.7,,,,,,,,,,,,,,,,,,,,,,,,,,,,,,,
	2016-06-13,23.5,29.6,,,,,,,,,,,,,,,,,,,,,,,,,,,,,,,
	2016-06-14,23.8,29.5,,,,,,,,,,,,,,,,,,,,,,,,,,,,,,,
	2016-06-15,20.9,24.5,,,,,,,,,,,,,,,,,,,,,,,,,,,,,,,
	2016-06-16,20.9,24.9,,,,,,,,,,,,,,,,,,,,,,,,,,,,,,,
	2016-06-17,23.8,29.1,,,,,,,,,,,,,,,,,,,,,,,,,,,,,,,
	2016-06-18,24.5,29.9,,,,,,,,,,,,,,,,,,,,,,,,,,,,,,,
	2016-06-19,24.1,29.3,,,,,,,,,,,,,,,,,,,,,,,,,,,,,,,
	2016-06-20,24.7,30.7,,,,,,,,,,,,,,,,,,,,,,,,,,,,,,,
	2016-06-21,26,31.3,,,,,,,,,,,,,,,,,,,,,,,,,,,,,,,
	2016-06-22,24.3,30.2,,,,,,,,,,,,,,,,,,,,,,,,,,,,,,,
	2016-06-23,24.7,29.4,,,,,,,,,,,,,,,,,,,,,,,,,,,,,,,
	2016-06-24,23.1,25.7,,,,,,,,,,,,,,,,,,,,,,,,,,,,,,,
	2016-06-25,22.8,26.7,,,,,,,,,,,,,,,,,,,,,,,,,,,,,,,
	2016-06-26,24.4,30.3,,,,,,,,,,,,,,,,,,,,,,,,,,,,,,,
	2016-06-27,24.4,29.5,,,,,,,,,,,,,,,,,,,,,,,,,,,,,,,
	2016-06-28,24.7,29.7,,,,,,,,,,,,,,,,,,,,,,,,,,,,,,,
	2016-06-29,25.3,30.2,,,,,,,,,,,,,,,,,,,,,,,,,,,,,,,
	2016-06-30,24.6,26.9,,,,,,,,,,,,,,,,,,,,,,,,,,,,,,,
	2016-07-01,24,26.6,,,,,,,,,,,,,,,,,,,,,,,,,,,,,,,
	2016-07-02,23.5,27.7,,,,,,,,,,,,,,,,,,,,,,,,,,,,,,,
	2016-07-03,23.5,26.8,,,,,,,,,,,,,,,,,,,,,,,,,,,,,,,
	2016-07-04,21.8,24.1,,,,,,,,,,,,,,,,,,,,,,,,,,,,,,,
	2016-07-05,23.1,24.8,,,,,,,,,,,,,,,,,,,,,,,,,,,,,,,
	2016-07-06,22.9,26.9,,,,,,,,,,,,,,,,,,,,,,,,,,,,,,,
	2016-07-07,24,28.5,,,,,,,,,,,,,,,,,,,,,,,,,,,,,,,
	2016-07-08,27.3,32.4,,,,,,,,,,,,,,,,,,,,,,,,,,,,,,,
	2016-07-09,27.7,32.7,,,,,,,,,,,,,,,,,,,,,,,,,,,,,,,
	2016-07-10,27.9,33.1,,,,,,,,,,,,,,,,,,,,,,,,,,,,,,,
	2016-07-11,28.4,33.4,,,,,,,,,,,,,,,,,,,,,,,,,,,,,,,
	2016-07-12,26.3,30.9,,,,,,,,,,,,,,,,,,,,,,,,,,,,,,,
	2016-07-13,26.3,29.5,,,,,,,,,,,,,,,,,,,,,,,,,,,,,,,
	2016-07-14,27.5,32.4,,,,,,,,,,,,,,,,,,,,,,,,,,,,,,,
	2016-07-15,26.2,29.2,,,,,,,,,,,,,,,,,,,,,,,,,,,,,,,
	2016-07-16,20.8,23.8,,,,,,,,,,,,,,,,,,,,,,,,,,,,,,,
	2016-07-17,21.7,23.1,,,,,,,,,,,,,,,,,,,,,,,,,,,,,,,
	2016-07-18,24.4,28.4,,,,,,,,,,,,,,,,,,,,,,,,,,,,,,,
	2016-07-19,27.1,32.4,,,,,,,,,,,,,,,,,,,,,,,,,,,,,,,
	2016-07-20,28.6,32.9,,,,,,,,,,,,,,,,,,,,,,,,,,,,,,,
	2016-07-21,28.3,32.2,,,,,,,,,,,,,,,,,,,,,,,,,,,,,,,
	2016-07-22,29.1,34.1,,,,,,,,,,,,,,,,,,,,,,,,,,,,,,,
	2016-07-23,28.7,31.6,,,,,,,,,,,,,,,,,,,,,,,,,,,,,,,
	2016-07-24,28,30.1,,,,,,,,,,,,,,,,,,,,,,,,,,,,,,,
	2016-07-25,28.4,31.4,,,,,,,,,,,,,,,,,,,,,,,,,,,,,,,
	2016-07-26,28.4,31.9,,,,,,,,,,,,,,,,,,,,,,,,,,,,,,,
	2016-07-27,27.6,28.9,,,,,,,,,,,,,,,,,,,,,,,,,,,,,,,
	2016-07-28,28,30.5,,,,,,,,,,,,,,,,,,,,,,,,,,,,,,,
	2016-07-29,26.3,28.4,,,,,,,,,,,,,,,,,,,,,,,,,,,,,,,
	2016-07-30,28.6,33,,,,,,,,,,,,,,,,,,,,,,,,,,,,,,,
	2016-07-31,28.9,32.8,,,,,,,,,,,,,,,,,,,,,,,,,,,,,,,
	2016-08-01,28.4,32.4,,,,,,,,,,,,,,,,,,,,,,,,,,,,,,,
	2016-08-02,27.2,31.1,,,,,,,,,,,,,,,,,,,,,,,,,,,,,,,
	2016-08-03,29.1,34.2,,,,,,,,,,,,,,,,,,,,,,,,,,,,,,,
	2016-08-04,30.7,35.7,,,,,,,,,,,,,,,,,,,,,,,,,,,,,,,
	2016-08-05,31.2,36,,,,,,,,,,,,,,,,,,,,,,,,,,,,,,,
	2016-08-06,30.5,34,,,,,,,,,,,,,,,,,,,,,,,,,,,,,,,
	2016-08-07,30.6,35,,,,,,,,,,,,,,,,,,,,,,,,,,,,,,,
	2016-08-08,30.5,35.5,,,,,,,,,,,,,,,,,,,,,,,,,,,,,,,
	2016-08-09,29.3,33.6,,,,,,,,,,,,,,,,,,,,,,,,,,,,,,,
	2016-08-10,29.4,34.8,,,,,,,,,,,,,,,,,,,,,,,,,,,,,,,
	2016-08-11,30.5,36.4,,,,,,,,,,,,,,,,,,,,,,,,,,,,,,,
	2016-08-12,30.4,35.9,,,,,,,,,,,,,,,,,,,,,,,,,,,,,,,
	2016-08-13,30.2,35.1,,,,,,,,,,,,,,,,,,,,,,,,,,,,,,,
	2016-08-14,28.9,31.8,,,,,,,,,,,,,,,,,,,,,,,,,,,,,,,
	2016-08-15,29.1,34,,,,,,,,,,,,,,,,,,,,,,,,,,,,,,,
	2016-08-16,29.3,34.9,,,,,,,,,,,,,,,,,,,,,,,,,,,,,,,
	2016-08-17,29.9,34.7,,,,,,,,,,,,,,,,,,,,,,,,,,,,,,,
	2016-08-18,29.9,34.3,,,,,,,,,,,,,,,,,,,,,,,,,,,,,,,
	2016-08-19,28.9,33.2,,,,,,,,,,,,,,,,,,,,,,,,,,,,,,,
	2016-08-20,30.1,34.9,,,,,,,,,,,,,,,,,,,,,,,,,,,,,,,
	2016-08-21,30.7,36.6,,,,,,,,,,,,,,,,,,,,,,,,,,,,,,,
	2016-08-22,30.7,36.3,,,,,,,,,,,,,,,,,,,,,,,,,,,,,,,
	2016-08-23,28.3,33,,,,,,,,,,,,,,,,,,,,,,,,,,,,,,,
	2016-08-24,29.1,32.9,,,,,,,,,,,,,,,,,,,,,,,,,,,,,,,
	2016-08-25,27.1,32.2,,,,,,,,,,,,,,,,,,,,,,,,,,,,,,,
	2016-08-26,23,28.2,,,,,,,,,,,,,,,,,,,,,,,,,,,,,,,
	2016-08-27,23.4,29.7,,,,,,,,,,,,,,,,,,,,,,,,,,,,,,,
	2016-08-28,21,24.5,,,,,,,,,,,,,,,,,,,,,,,,,,,,,,,
	2016-08-29,22.2,27.1,,,,,,,,,,,,,,,,,,,,,,,,,,,,,,,
	2016-08-30,20.6,24.5,,,,,,,,,,,,,,,,,,,,,,,,,,,,,,,
	2016-08-31,17.7,19.2,,,,,,,,,,,,,,,,,,,,,,,,,,,,,,,
	2017-06-01,23.3,27,,,,,,,,,,,,,,,,,,,,,,,,,,,,,,,
	2017-06-02,20.5,25.6,,,,,,,,,,,,,,,,,,,,,,,,,,,,,,,
	2017-06-03,20.5,26.5,,,,,,,,,,,,,,,,,,,,,,,,,,,,,,,
	2017-06-04,21.7,28.1,,,,,,,,,,,,,,,,,,,,,,,,,,,,,,,
	2017-06-05,24.2,30.3,,,,,,,,,,,,,,,,,,,,,,,,,,,,,,,
	2017-06-06,19.4,23.9,,,,,,,,,,,,,,,,,,,,,,,,,,,,,,,
	2017-06-07,17.6,19.2,,,,,,,,,,,,,,,,,,,,,,,,,,,,,,,
	2017-06-08,20.1,25.9,,,,,,,,,,,,,,,,,,,,,,,,,,,,,,,
	2017-06-09,21.2,25.7,,,,,,,,,,,,,,,,,,,,,,,,,,,,,,,
	2017-06-10,21.5,27.5,,,,,,,,,,,,,,,,,,,,,,,,,,,,,,,
	2017-06-11,22.8,29.6,,,,,,,,,,,,,,,,,,,,,,,,,,,,,,,
	2017-06-12,22.1,28,,,,,,,,,,,,,,,,,,,,,,,,,,,,,,,
	2017-06-13,21.5,25.9,,,,,,,,,,,,,,,,,,,,,,,,,,,,,,,
	2017-06-14,21.8,26.8,,,,,,,,,,,,,,,,,,,,,,,,,,,,,,,
	2017-06-15,23.1,29.6,,,,,,,,,,,,,,,,,,,,,,,,,,,,,,,
	2017-06-16,25.5,32.7,,,,,,,,,,,,,,,,,,,,,,,,,,,,,,,
	2017-06-17,24.2,29.9,,,,,,,,,,,,,,,,,,,,,,,,,,,,,,,
	2017-06-18,24.3,31.8,,,,,,,,,,,,,,,,,,,,,,,,,,,,,,,
	2017-06-19,24.8,30.2,,,,,,,,,,,,,,,,,,,,,,,,,,,,,,,
	2017-06-20,26,32.7,,,,,,,,,,,,,,,,,,,,,,,,,,,,,,,
	2017-06-21,25.4,31.6,,,,,,,,,,,,,,,,,,,,,,,,,,,,,,,
	2017-06-22,25.3,30.4,,,,,,,,,,,,,,,,,,,,,,,,,,,,,,,
	2017-06-23,26.7,34.1,,,,,,,,,,,,,,,,,,,,,,,,,,,,,,,
	2017-06-24,24.5,27.8,,,,,,,,,,,,,,,,,,,,,,,,,,,,,,,
	2017-06-25,23.8,28.4,,,,,,,,,,,,,,,,,,,,,,,,,,,,,,,
	2017-06-26,23.1,29.9,,,,,,,,,,,,,,,,,,,,,,,,,,,,,,,
	2017-06-27,25.2,30.5,,,,,,,,,,,,,,,,,,,,,,,,,,,,,,,
	2017-06-28,26,30.5,,,,,,,,,,,,,,,,,,,,,,,,,,,,,,,
	2017-06-29,26.2,31.5,,,,,,,,,,,,,,,,,,,,,,,,,,,,,,,
	2017-06-30,25.9,30.9,,,,,,,,,,,,,,,,,,,,,,,,,,,,,,,
	2017-07-01,25.3,30.7,,,,,,,,,,,,,,,,,,,,,,,,,,,,,,,
	2017-07-02,24.3,26.8,,,,,,,,,,,,,,,,,,,,,,,,,,,,,,,
	2017-07-03,24.7,27.4,,,,,,,,,,,,,,,,,,,,,,,,,,,,,,,
	2017-07-04,26.7,31.6,,,,,,,,,,,,,,,,,,,,,,,,,,,,,,,
	2017-07-05,27.4,32.6,,,,,,,,,,,,,,,,,,,,,,,,,,,,,,,
	2017-07-06,27.6,34.6,,,,,,,,,,,,,,,,,,,,,,,,,,,,,,,
	2017-07-07,26.4,28.4,,,,,,,,,,,,,,,,,,,,,,,,,,,,,,,
	2017-07-08,26,27.6,,,,,,,,,,,,,,,,,,,,,,,,,,,,,,,
	2017-07-09,26.3,30.3,,,,,,,,,,,,,,,,,,,,,,,,,,,,,,,
	2017-07-10,24,25.4,,,,,,,,,,,,,,,,,,,,,,,,,,,,,,,
	2017-07-11,26,30.9,,,,,,,,,,,,,,,,,,,,,,,,,,,,,,,
	2017-07-12,27.1,31.1,,,,,,,,,,,,,,,,,,,,,,,,,,,,,,,
	2017-07-13,27.6,32.1,,,,,,,,,,,,,,,,,,,,,,,,,,,,,,,
	2017-07-14,28.7,33,,,,,,,,,,,,,,,,,,,,,,,,,,,,,,,
	2017-07-15,25,27.3,,,,,,,,,,,,,,,,,,,,,,,,,,,,,,,
	2017-07-16,26.2,28.8,,,,,,,,,,,,,,,,,,,,,,,,,,,,,,,
	2017-07-17,26.8,29,,,,,,,,,,,,,,,,,,,,,,,,,,,,,,,
	2017-07-18,26.5,30.7,,,,,,,,,,,,,,,,,,,,,,,,,,,,,,,
	2017-07-19,28.3,34.1,,,,,,,,,,,,,,,,,,,,,,,,,,,,,,,
	2017-07-20,29.9,34.9,,,,,,,,,,,,,,,,,,,,,,,,,,,,,,,
	2017-07-21,29.8,32.4,,,,,,,,,,,,,,,,,,,,,,,,,,,,,,,
	2017-07-22,29.3,32.5,,,,,,,,,,,,,,,,,,,,,,,,,,,,,,,
	2017-07-23,27,28.1,,,,,,,,,,,,,,,,,,,,,,,,,,,,,,,
	2017-07-24,26.2,27.3,,,,,,,,,,,,,,,,,,,,,,,,,,,,,,,
	2017-07-25,29.4,35.4,,,,,,,,,,,,,,,,,,,,,,,,,,,,,,,
	2017-07-26,28.7,32.8,,,,,,,,,,,,,,,,,,,,,,,,,,,,,,,
	2017-07-27,27.1,29.7,,,,,,,,,,,,,,,,,,,,,,,,,,,,,,,
	2017-07-28,25.5,26.9,,,,,,,,,,,,,,,,,,,,,,,,,,,,,,,
	2017-07-29,27.2,30.1,,,,,,,,,,,,,,,,,,,,,,,,,,,,,,,
	2017-07-30,27.9,32.6,,,,,,,,,,,,,,,,,,,,,,,,,,,,,,,
	2017-07-31,25.7,27.1,,,,,,,,,,,,,,,,,,,,,,,,,,,,,,,
	2017-08-01,28.6,33,,,,,,,,,,,,,,,,,,,,,,,,,,,,,,,
	2017-08-02,30,33,,,,,,,,,,,,,,,,,,,,,,,,,,,,,,,
	2017-08-03,30.2,33.9,,,,,,,,,,,,,,,,,,,,,,,,,,,,,,,
	2017-08-04,30.3,35.3,,,,,,,,,,,,,,,,,,,,,,,,,,,,,,,
	2017-08-05,31.4,34.8,,,,,,,,,,,,,,,,,,,,,,,,,,,,,,,
	2017-08-06,29.8,34,,,,,,,,,,,,,,,,,,,,,,,,,,,,,,,
	2017-08-07,29.2,34.4,,,,,,,,,,,,,,,,,,,,,,,,,,,,,,,
	2017-08-08,28.2,31,,,,,,,,,,,,,,,,,,,,,,,,,,,,,,,
	2017-08-09,27.6,32,,,,,,,,,,,,,,,,,,,,,,,,,,,,,,,
	2017-08-10,24.8,26.3,,,,,,,,,,,,,,,,,,,,,,,,,,,,,,,
	2017-08-11,27,32.4,,,,,,,,,,,,,,,,,,,,,,,,,,,,,,,
	2017-08-12,27.8,32.6,,,,,,,,,,,,,,,,,,,,,,,,,,,,,,,
	2017-08-13,26.3,28.4,,,,,,,,,,,,,,,,,,,,,,,,,,,,,,,
	2017-08-14,24.6,27.1,,,,,,,,,,,,,,,,,,,,,,,,,,,,,,,
	2017-08-15,21.9,24,,,,,,,,,,,,,,,,,,,,,,,,,,,,,,,
	2017-08-16,23.3,26.8,,,,,,,,,,,,,,,,,,,,,,,,,,,,,,,
	2017-08-17,24.8,27.7,,,,,,,,,,,,,,,,,,,,,,,,,,,,,,,
	2017-08-18,26.3,30.6,,,,,,,,,,,,,,,,,,,,,,,,,,,,,,,
	2017-08-19,26.1,28.7,,,,,,,,,,,,,,,,,,,,,,,,,,,,,,,
	2017-08-20,23.2,25.8,,,,,,,,,,,,,,,,,,,,,,,,,,,,,,,
	2017-08-21,25.8,29.2,,,,,,,,,,,,,,,,,,,,,,,,,,,,,,,
	2017-08-22,27.3,31.5,,,,,,,,,,,,,,,,,,,,,,,,,,,,,,,
	2017-08-23,27.2,30.2,,,,,,,,,,,,,,27,,,,,,,,,,,,,,,,,
	2017-08-24,26.5,28.1,,,,,,,,,,,,,,25.6,,,,,,,,,,,,,,,,,
	2017-08-25,25.3,30.6,,,,,,,,,,,,,,26.5,,,,,,,,,,,,,,,,,
	2017-08-26,24.2,29.2,,,,,,,,,,,,,,28.1,,,,,,,,,,,,,,,,,
	2017-08-27,22.7,26.7,,,,,,,,,,,,,,30.3,,,,,,,,,,,,,,,,,
	2017-08-28,21.5,26.5,,,,,,,,,,,,,,23.9,,,,,,,,,,,,,,,,,
	2017-08-29,19.5,24,,,,,,,,,,,,,,19.2,,,,,,,,,,,,,,,,,
	2017-08-30,19.8,23.9,,,,,,,,,,,,,,25.9,,,,,,,,,,,,,,,,,
	2017-08-31,22.2,27.6,,,,,,,,,,,,,,25.7,,,,,,,,,,,,,,,,,
	2018-06-01,23.8,30.2,,,,,,,,,,,,,,27.5,,,,,,,,,,,,,,,,,
	2018-06-02,23.4,30.1,,,,,,,,,,,,,,29.6,,,,,,,,,,,,,,,,,
	2018-06-03,24,30.8,,,,,,,,,,,,,,28,,,,,,,,,,,,,,,,,
	2018-06-04,22.6,27.5,,,,,,,,,,,,,,25.9,,,,,,,,,,,,,,,,,
	2018-06-05,23.7,29.2,,,,,,,,,,,,,,26.8,,,,,,,,,,,,,,,,,
	2018-06-06,23,27.9,,,,,,,,,,,,,,29.6,,,,,,,,,,,,,,,,,
	2018-06-07,22.2,29.4,,,,,,,,,,,,,,32.7,,,,,,,,,,,,,,,,,
	2018-06-08,21.9,27,,,,,,,,,,,,,,29.9,,,,,,,,,,,,,,,,,
	2018-06-09,23.7,30.1,,,,,,,,,,,,,,31.8,,,,,,,,,,,,,,,,,
	2018-06-10,21.3,24.9,,,,,,,,,,,,,,30.2,,,,,,,,,,,,,,,,,
	2018-06-11,20.2,23.9,,,,,,,,,,,,,,32.7,,,,,,,,,,,,,,,,,
	2018-06-12,21.3,27.1,,,,,,,,,,,,,,31.6,,,,,,,,,,,,,,,,,
	2018-06-13,22,27,,,,,,,,,,,,,,30.4,,,,,,,,,,,,,,,,,
	2018-06-14,21.6,25.1,,,,,,,,,,,,,,34.1,,,,,,,,,,,,,,,,,
	2018-06-15,21.7,27,,,,,,,,,,,,,,27.8,,,,,,,,,,,,,,,,,
	2018-06-16,22.5,28.7,,,,,,,,,,,,,,28.4,,,,,,,,,,,,,,,,,
	2018-06-17,22.8,27.5,,,,,,,,,,,,,,29.9,,,,,,,,,,,,,,,,,
	2018-06-18,24.8,30.8,,,,,,,,,,,,,,30.5,,,,,,,,,,,,,,,,,
	2018-06-19,22.4,27.2,,,,,,,,,,,,,,30.5,,,,,,,,,,,,,,,,,
	2018-06-20,22.7,28.4,,,,,,,,,,,,,,31.5,,,,,,,,,,,,,,,,,
	2018-06-21,23.7,28.7,,,,,,,,,,,,,,30.9,,,,,,,,,,,,,,,,,
	2018-06-22,25,32,,,,,,,,,,,,,,30.7,,,,,,,,,,,,,,,,,
	2018-06-23,24.5,28.9,,,,,,,,,,,,,,26.8,,,,,,,,,,,,,,,,,
	2018-06-24,25.2,32.1,,,,,,,,,,,,,,27.4,,,,,,,,,,,,,,,,,
	2018-06-25,27.1,32.9,,,,,,,,,,,,,,31.6,,,,,,,,,,,,,,,,,
	2018-06-26,22.3,26.9,,,,,,,,,,,,,,32.6,,,,,,,,,,,,,,,,,
	2018-06-27,22.3,25.5,,,,,,,,,,,,,,34.6,,,,,,,,,,,,,,,,,
	2018-06-28,23.3,27.3,,,,,,,,,,,,,,28.4,,,,,,,,,,,,,,,,,
	2018-06-29,24.7,29.1,,,,,,,,,,,,,,27.6,,,,,,,,,,,,,,,,,
	2018-06-30,24.4,27.9,,,,,,,,,,,,,,30.3,,,,,,,,,,,,,,,,,
	2018-07-01,21.9,22.8,,,,,,,,,,,,,,25.4,,,,,,,,,,,,,,,,,
	2018-07-02,22.6,25.3,,,,,,,,,,,,,,30.9,,,,,,,,,,,,,,,,,
	2018-07-03,27.4,32.6,,,,,,,,,,,,,,31.1,,,,,,,,,,,,,,,,,
	2018-07-04,27.3,31.8,,,,,,,,,,,,,,32.1,,,,,,,,,,,,,,,,,
	2018-07-05,25.3,29,,,,,,,,,,,,,,33,,,,,,,,,,,,,,,,,
	2018-07-06,23.9,27.1,,,,,,,,,,,,,,27.3,,,,,,,,,,,,,,,,,
	2018-07-07,23.7,29.2,,,,,,,,,,,,,,28.8,,,,,,,,,,,,,,,,,
	2018-07-08,23.3,28.1,,,,,,,,,,,,,,29,,,,,,,,,,,,,,,,,
	2018-07-09,20.8,24.2,,,,,,,,,,,,,,30.7,,,,,,,,,,,,,,,,,
	2018-07-10,23.7,26.5,,,,,,,,,,,,,,34.1,,,,,,,,,,,,,,,,,
	2018-07-11,26.8,29.5,,,,,,,,,,,,,,34.9,,,,,,,,,,,,,,,,,
	2018-07-12,26.6,28.2,,,,,,,,,,,,,,32.4,,,,,,,,,,,,,,,,,
	2018-07-13,27.3,30.9,,,,,,,,,,,,,,32.5,,,,,,,,,,,,,,,,,
	2018-07-14,27.9,31.9,,,,,,,,,,,,,,28.1,,,,,,,,,,,,,,,,,
	2018-07-15,28.3,33.2,,,,,,,,,,,,,,27.3,,,,,,,,,,,,,,,,,
	2018-07-16,28.7,34,,,,,,,,,,,,,,35.4,,,,,,,,,,,,,,,,,
	2018-07-17,28.1,32.1,,,,,,,,,,,,,,32.8,,,,,,,,,,,,,,,,,
	2018-07-18,28.2,33.2,,,,,,,,,,,,,,29.7,,,,,,,,,,,,,,,,,
	2018-07-19,28.7,34.1,,,,,,,,,,,,,,26.9,,,,,,,,,,,,,,,,,
	2018-07-20,29.5,34.7,,,,,,,,,,,,,,30.1,,,,,,,,,,,,,,,,,
	2018-07-21,30.6,36.9,,,,,,,,,,,,,,32.6,,,,,,,,,,,,,,,,,
	2018-07-22,31.8,38,,,,,,,,,,,,,,27.1,,,,,,,,,,,,,,,,,
	2018-07-23,31.7,35.7,,,,,,,,,,,,,,33,,,,,,,,,,,,,,,,,
	2018-07-24,31.4,36.8,,,,,,,,,,,,,,33,,,,,,,,,,,,,,,,,
	2018-07-25,30.1,34.1,,,,,,,,,,,,,,33.9,,,,,,,,,,,,,,,,,
	2018-07-26,30.1,33.7,,,,,,,,,,,,,,35.3,,,,,,,,,,,,,,,,,
	2018-07-27,30.9,35.4,,,,,,,,,,,,,,34.8,,,,,,,,,,,,,,,,,
	2018-07-28,29.5,35.2,,,,,,,,,,,,,,34,,,,,,,,,,,,,,,,,
	2018-07-29,31.3,36.7,,,,,,,,,,,,,,34.4,,,,,,,,,,,,,,,,,
	2018-07-30,31.7,36.9,,,,,,,,,,,,,,31,,,,,,,,,,,,,,,,,
	2018-07-31,32.6,38.3,,,,,,,,,,,,,,32,,,,,,,,,,,,,,,,,
	2018-08-01,33.6,39.6,,,,,,,,,,,,,,26.3,,,,,,,,,,,,,,,,,
	2018-08-02,33.7,37.9,,,,,,,,,,,,,,32.4,,,,,,,,,,,,,,,,,
	2018-08-03,33.1,37.9,,,,,,,,,,,,,,32.6,,,,,,,,,,,,,,,,,
	2018-08-04,31.1,34.9,,,,,,,,,,,,,,28.4,,,,,,,,,,,,,,,,,
	2018-08-05,30,33.9,,,,,,,,,,,,,,27.1,,,,,,,,,,,,,,,,,
	2018-08-06,30.5,35.3,,,,,,,,,,,,,,24,,,,,,,,,,,,,,,,,
	2018-08-07,30.5,35.9,,,,,,,,,,,,,,26.8,,,,,,,,,,,,,,,,,
	2018-08-08,31,35.3,,,,,,,,,,,,,,27.7,,,,,,,,,,,,,,,,,
	2018-08-09,28.8,32.5,,,,,,,,,,,,,,30.6,,,,,,,,,,,,,,,,,
	2018-08-10,30.7,36.8,,,,,,,,,,,,,,28.7,,,,,,,,,,,,,,,,,
	2018-08-11,31,36,,,,,,,,,,,,,,25.8,,,,,,,,,,,,,,,,,
	2018-08-12,30.6,35.3,,,,,,,,,,,,,,29.2,,,,,,,,,,,,,,,,,
	2018-08-13,30.5,34.4,,,,,,,,,,,,,,31.5,,,,,,,,,,,,,,,,,
	2018-08-14,31.7,37.2,,,,,,,,,,,,,,30.2,,,,,,,,,,,,,,,,,
	2018-08-15,31.7,38,,,,,,,,,,,,,,28.1,,,,,,,,,,,,,,,,,
	2018-08-16,29.9,35.6,,,,,,,,,,,,,,30.6,,,,,,,,,,,,,,,,,
	2018-08-17,27.2,33.8,,,,,,,,,,,,,,29.2,,,,,,,,,,,,,,,,,
	2018-08-18,26.7,32.1,,,,,,,,,,,,,,26.7,,,,,,,,,,,,,,,,,
	2018-08-19,28.2,34.4,,,,,,,,,,,,,,26.5,,,,,,,,,,,,,,,,,
	2018-08-20,29.1,33.3,,,,,,,,,,,,,,24,,,,,,,,,,,,,,,,,
	2018-08-21,26.6,31,,,,,,,,,,,,,,23.9,,,,,,,,,,,,,,,,,
	2018-08-22,30.7,37.6,,,,,,,,,,,,,,27.6,,,,,,,,,,,,,,,,,
	2018-08-23,29.4,32.2,,,,,,,,,,,,,,35.4,,,,,,,,,,,,,,,,,
	2018-08-24,24.4,26.3,,,,,,,,,,,,,,,,,,,,,,,,,,,,,,,
	2018-08-25,25.2,29.3,,,,,,,,,,,,,,,,,,,,,,,,,,,,,,,
	2018-08-26,23.2,29,,,,,,,,,,,,,,,,,,,,,,,,,,,,,,,
	2018-08-27,22.7,24.9,,,,,,,,,,,,,,,,,,,,,,,,,,,,,,,
	2018-08-28,23.7,26.1,,,,,,,,,,,,,,,,,,,,,,,,,,,,,,,
	2018-08-29,25.2,27.4,,,,,,,,,,,,,,,,,,,,,,,,,,,,,,,
	2018-08-30,25.3,28.2,,,,,,,,,,,,,,,,,,,,,,,,,,,,,,,
	2018-08-31,25.6,30.3,,,,,,,,,,,,,,,,,,,,,,,,,,,,,,,
	2019-06-01,18.9,23.7,,,,,,,,,,,,,,,,,,,,,,,,,,,,,,,
	2019-06-02,21.1,27.8,,,,,,,,,,,,,,,,,,,,,,,,,,,,,,,
	2019-06-03,23.1,29.5,,,,,,,,,,,,,,,,,,,,,,,,,,,,,,,
	2019-06-04,22.6,29,,,,,,,,,,,,,,,,,,,,,,,,,,,,,,,
	2019-06-05,23,29.6,,,,,,,,,,,,,,,,,,,,,,,,,,,,,,,
	2019-06-06,21.2,25.1,,,,,,,,,,,,,,,,,,,,,,,,,,,,,,,
	2019-06-07,20,24.7,,,,,,,,,,,,,,,,,,,,,,,,,,,,,,,
	2019-06-08,21.9,27.6,,,,,,,,,,,,,,,,,,,,,,,,,,,,,,,
	2019-06-09,21.6,26.5,,,,,,,,,,,,,,,,,,,,,,,,,,,,,,,
	2019-06-10,18.4,21.9,,,,,,,,,,,,,,,,,,,,,,,,,,,,,,,
	2019-06-11,20.5,26.1,,,,,,,,,,,,,,,,,,,,,,,,,,,,,,,
	2019-06-12,21.5,26.4,,,,,,,,,,,,,,,,,,,,,,,,,,,,,,,
	2019-06-13,23,28.8,,,,,,,,,,,,,,,,,,,,,,,,,,,,,,,
	2019-06-14,23,28.4,,,,,,,,,,,,,,,,,,,,,,,,,,,,,,,
	2019-06-15,21.9,27.4,,,,,,,,,,,,,,,,,,,,,,,,,,,,,,,
	2019-06-16,22,27.2,,,,,,,,,,,,,,,,,,,,,,,,,,,,,,,
	2019-06-17,21.7,26.2,,,,,,,,,,,,,,,,,,,,,,,,,,,,,,,
	2019-06-18,20.8,24.8,,,,,,,,,,,,,,,,,,,,,,,,,,,,,,,
	2019-06-19,21.4,25.4,,,,,,,,,,,,,,,,,,,,,,,,,,,,,,,
	2019-06-20,22.7,27.8,,,,,,,,,,,,,,,,,,,,,,,,,,,,,,,
	2019-06-21,22.1,26.1,,,,,,,,,,,,,,,,,,,,,,,,,,,,,,,
	2019-06-22,24.2,30.6,,,,,,,,,,,,,,,,,,,,,,,,,,,,,,,
	2019-06-23,25,31,,,,,,,,,,,,,,,,,,,,,,,,,,,,,,,
	2019-06-24,25.2,30.9,,,,,,,,,,,,,,,,,,,,,,,,,,,,,,,
	2019-06-25,25.6,32.8,,,,,,,,,,,,,,,,,,,,,,,,,,,,,,,
	2019-06-26,25.5,29.5,,,,,,,,,,,,,,,,,,,,,,,,,,,,,,,
	2019-06-27,25.5,31.2,,,,,,,,,,,,,,,,,,,,,,,,,,,,,,,
	2019-06-28,24.7,29,,,,,,,,,,,,,,,,,,,,,,,,,,,,,,,
	2019-06-29,23.1,27.7,,,,,,,,,,,,,,,,,,,,,,,,,,,,,,,
	2019-06-30,23.9,28.5,,,,,,,,,,,,,,,,,,,,,,,,,,,,,,,
	2019-07-01,23.9,28.9,,,,,,,,,,,,,,,,,,,,,,,,,,,,,,,
	2019-07-02,24.4,30.1,,,,,,,,,,,,,,,,,,,,,,,,,,,,,,,
	2019-07-03,24.1,27.4,,,,,,,,,,,,,,,,,,,,,,,,,,,,,,,
	2019-07-04,25.4,32.8,,,,,,,,,,,,,,,,,,,,,,,,,,,,,,,
	2019-07-05,27.6,35,,,,,,,,,,,,,,,,,,,,,,,,,,,,,,,
	2019-07-06,29.7,36.1,,,,,,,,,,,,,,,,,,,,,,,,,,,,,,,
	2019-07-07,26.7,32.5,,,,,,,,,,,,,,,,,,,,,,,,,,,,,,,
	2019-07-08,25.1,31,,,,,,,,,,,,,,,,,,,,,,,,,,,,,,,
	2019-07-09,25,30,,,,,,,,,,,,,,,,,,,,,,,,,,,,,,,
	2019-07-10,22.7,27.3,,,,,,,,,,,,,,,,,,,,,,,,,,,,,,,
	2019-07-11,21.9,25.9,,,,,,,,,,,,,,,,,,,,,,,,,,,,,,,
	2019-07-12,23.6,28.7,,,,,,,,,,,,,,,,,,,,,,,,,,,,,,,
	2019-07-13,24.9,29.7,,,,,,,,,,,,,,,,,,,,,,,,,,,,,,,
	2019-07-14,25.9,31.6,,,,,,,,,,,,,,,,,,,,,,,,,,,,,,,
	2019-07-15,23.8,27.4,,,,,,,,,,,,,,,,,,,,,,,,,,,,,,,
	2019-07-16,24.7,28.8,,,,,,,,,,,,,,,,,,,,,,,,,,,,,,,
	2019-07-17,25.6,29.2,,,,,,,,,,,,,,,,,,,,,,,,,,,,,,,
	2019-07-18,26.9,32.1,,,,,,,,,,,,,,,,,,,,,,,,,,,,,,,
	2019-07-19,28.6,35,,,,,,,,,,,,,,,,,,,,,,,,,,,,,,,
	2019-07-20,28,31.9,,,,,,,,,,,,,,,,,,,,,,,,,,,,,,,
	2019-07-21,25.1,27,,,,,,,,,,,,,,,,,,,,,,,,,,,,,,,
	2019-07-22,26.7,31,,,,,,,,,,,,,,,,,,,,,,,,,,,,,,,
	2019-07-23,28.1,32.9,,,,,,,,,,,,,,,,,,,,,,,,,,,,,,,
	2019-07-24,26.5,27.2,,,,,,,,,,,,,,,,,,,,,,,,,,,,,,,
	2019-07-25,26.3,27.4,,,,,,,,,,,,,,,,,,,,,,,,,,,,,,,
	2019-07-26,25.1,25.9,,,,,,,,,,,,,,,,,,,,,,,,,,,,,,,
	2019-07-27,28.4,33.4,,,,,,,,,,,,,,,,,,,,,,,,,,,,,,,
	2019-07-28,26.1,28.2,,,,,,,,,,,,,,,,,,,,,,,,,,,,,,,
	2019-07-29,27.5,30,,,,,,,,,,,,,,,,,,,,,,,,,,,,,,,
	2019-07-30,28.1,30.8,,,,,,,,,,,,,,,,,,,,,,,,,,,,,,,
	2019-07-31,25.8,27.5,,,,,,,,,,,,,,,,,,,,,,,,,,,,,,,
	2019-08-01,26.3,30.1,,,,,,,,,,,,,,,,,,,,,,,,,,,,,,,
	2019-08-02,28.4,33.1,,,,,,,,,,,,,,,,,,,,,,,,,,,,,,,
	2019-08-03,29.4,36,,,,,,,,,,,,,,,,,,,,,,,,,,,,,,,
	2019-08-04,28.3,34.4,,,,,,,,,,,,,,,,,,,,,,,,,,,,,,,
	2019-08-05,30.5,35.9,,,,,,,,,,,,,,,,,,,,,,,,,,,,,,,
	2019-08-06,31.6,36.8,,,,,,,,,,,,,,,,,,,,,,,,,,,,,,,
	2019-08-07,26.9,30.3,,,,,,,,,,,,,,,,,,,,,,,,,,,,,,,
	2019-08-08,28.9,32.7,,,,,,,,,,,,,,,,,,,,,,,,,,,,,,,
	2019-08-09,29.8,34.6,,,,,,,,,,,,,,,,,,,,,,,,,,,,,,,
	2019-08-10,31.5,36.5,,,,,,,,,,,,,,,,,,,,,,,,,,,,,,,
	2019-08-11,30.4,35.7,,,,,,,,,,,,,,,,,,,,,,,,,,,,,,,
	2019-08-12,26.6,28.5,,,,,,,,,,,,,,,,,,,,,,,,,,,,,,,
	2019-08-13,29.2,35.3,,,,,,,,,,,,,,,,,,,,,,,,,,,,,,,
	2019-08-14,30.4,35.7,,,,,,,,,,,,,,,,,,,,,,,,,,,,,,,
	2019-08-15,25.9,28.6,,,,,,,,,,,,,,,,,,,,,,,,,,,,,,,
	2019-08-16,25.9,29.5,,,,,,,,,,,,,,,,,,,,,,,,,,,,,,,
	2019-08-17,25.9,28.8,,,,,,,,,,,,,,,,,,,,,,,,,,,,,,,
	2019-08-18,25.6,30.7,,,,,,,,,,,,,,,,,,,,,,,,,,,,,,,
	2019-08-19,26.3,31.3,,,,,,,,,,,,,,,,,,,,,,,,,,,,,,,
	2019-08-20,28.2,32.8,,,,,,,,,,,,,,,,,,,,,,,,,,,,,,,
	2019-08-21,27,30.4,,,,,,,,,,,,,,,,,,,,,,,,,,,,,,,
	2019-08-22,26.9,31.4,,,,,,,,,,,,,,,,,,,,,,,,,,,,,,,
	2019-08-23,26.2,30.5,,,,,,,,,,,,,,,,,,,,,,,,,,,,,,,
	2019-08-24,24.1,27.3,,,,,,,,,,,,,,,,,,,,,,,,,,,,,,,
	2019-08-25,25,29.9,,,,,,,,,,,,,,,,,,,,,,,,,,,,,,,
	2019-08-26,26.4,32.1,,,,,,,,,,,,,,,,,,,,,,,,,,,,,,,
	2019-08-27,25.7,29.3,,,,,,,,,,,,,,,,,,,,,,,,,,,,,,,
	2019-08-28,26.1,30.2,,,,,,,,,,,,,,,,,,,,,,,,,,,,,,,
	2019-08-29,23.4,26.4,,,,,,,,,,,,,,,,,,,,,,,,,,,,,,,
	2019-08-30,22.6,27,,,,,,,,,,,,,,,,,,,,,,,,,,,,,,,
	2019-08-31,23.5,28.9,,,,,,,,,,,,,,,,,,,,,,,,,,,,,,,
	2020-06-01,19.7,24.5,,,,,,,,,,,,,,,,,,,,,,,,,,,,,,,
	2020-06-02,17.9,21.8,,,,,,,,,,,,,,,,,,,,,,,,,,,,,,,
	2020-06-03,22,28.4,,,,,,,,,,,,,,,,,,,,,,,,,,,,,,,
	2020-06-04,21.9,26.5,,,,,,,,,,,,,,,,,,,,,,,,,,,,,,,
	2020-06-05,23,28.7,,,,,,,,,,,,,,,,,,,,,,,,,,,,,,,
	2020-06-06,24.6,30.9,,,,,,,,,,,,,,,,,,,,,,,,,,,,,,,
	2020-06-07,22.7,29.2,,,,,,,,,,,,,,,,,,,,,,,,,,,,,,,
	2020-06-08,25,32,,,,,,,,,,,,,,,,,,,,,,,,,,,,,,,
	2020-06-09,26.7,32.8,,,,,,,,,,,,,,,,,,,,,,,,,,,,,,,
	2020-06-10,25.8,32.1,,,,,,,,,,,,,,,,,,,,,,,,,,,,,,,
	2020-06-11,26.1,31.6,,,,,,,,,,,,,,,,,,,,,,,,,,,,,,,
	2020-06-12,24.7,27.6,,,,,,,,,,,,,,,,,,,,,,,,,,,,,,,
	2020-06-13,26.9,33.5,,,,,,,,,,,,,,,,,,,,,,,,,,,,,,,
	2020-06-14,24,28.8,,,,,,,,,,,,,,,,,,,,,,,,,,,,,,,
	2020-06-15,23,28.6,,,,,,,,,,,,,,,,,,,,,,,,,,,,,,,
	2020-06-16,24.4,30.7,,,,,,,,,,,,,,,,,,,,,,,,,,,,,,,
	2020-06-17,24.3,30.3,,,,,,,,,,,,,,,,,,,,,,,,,,,,,,,
	2020-06-18,23.4,27.3,,,,,,,,,,,,,,,,,,,,,,,,,,,,,,,
	2020-06-19,24.7,30,,,,,,,,,,,,,,,,,,,,,,,,,,,,,,,
	2020-06-20,24.9,29.7,,,,,,,,,,,,,,,,,,,,,,,,,,,,,,,
	2020-06-21,26.1,32.7,,,,,,,,,,,,,,,,,,,,,,,,,,,,,,,
	2020-06-22,28.6,35.4,,,,,,,,,,,,,,,,,,,,,,,,,,,,,,,
	2020-06-23,27.3,31,,,,,,,,,,,,,,,,,,,,,,,,,,,,,,,
	2020-06-24,22.3,26.3,,,,,,,,,,,,,,,,,,,,,,,,,,,,,,,
	2020-06-25,21.6,23.4,,,,,,,,,,,,,,,,,,,,,,,,,,,,,,,
	2020-06-26,21.8,25.7,,,,,,,,,,,,,,,,,,,,,,,,,,,,,,,
	2020-06-27,24.1,29.6,,,,,,,,,,,,,,,,,,,,,,,,,,,,,,,
	2020-06-28,25.2,30.1,,,,,,,,,,,,,,,,,,,,,,,,,,,,,,,
	2020-06-29,23.8,26.5,,,,,,,,,,,,,,,,,,,,,,,,,,,,,,,
	2020-06-30,20.1,23.1,,,,,,,,,,,,,,,,,,,,,,,,,,,,,,,
	2020-07-01,21.1,24.3,,,,,,,,,,,,,,,,,,,,,,,,,,,,,,,
	2020-07-02,24.2,29.8,,,,,,,,,,,,,,,,,,,,,,,,,,,,,,,
	2020-07-03,25.5,30.6,,,,,,,,,,,,,,,,,,,,,,,,,,,,,,,
	2020-07-04,24.2,29.5,,,,,,,,,,,,,,,,,,,,,,,,,,,,,,,
	2020-07-05,23.8,27.6,,,,,,,,,,,,,,,,,,,,,,,,,,,,,,,
	2020-07-06,25.6,30.9,,,,,,,,,,,,,,,,,,,,,,,,,,,,,,,
	2020-07-07,24.1,28.1,,,,,,,,,,,,,,,,,,,,,,,,,,,,,,,
	2020-07-08,25.5,30.4,,,,,,,,,,,,,,,,,,,,,,,,,,,,,,,
	2020-07-09,27.5,32.9,,,,,,,,,,,,,,,,,,,,,,,,,,,,,,,
	2020-07-10,24.5,27.7,,,,,,,,,,,,,,,,,,,,,,,,,,,,,,,
	2020-07-11,25.8,30.2,,,,,,,,,,,,,,,,,,,,,,,,,,,,,,,
	2020-07-12,23.5,26,,,,,,,,,,,,,,,,,,,,,,,,,,,,,,,
	2020-07-13,18.7,21.7,,,,,,,,,,,,,,,,,,,,,,,,,,,,,,,
	2020-07-14,20.3,24.3,,,,,,,,,,,,,,,,,,,,,,,,,,,,,,,
	2020-07-15,23.4,28.7,,,,,,,,,,,,,,,,,,,,,,,,,,,,,,,
	2020-07-16,25,29.7,,,,,,,,,,,,,,,,,,,,,,,,,,,,,,,
	2020-07-17,26,31.6,,,,,,,,,,,,,,,,,,,,,,,,,,,,,,,
	2020-07-18,26.1,31,,,,,,,,,,,,,,,,,,,,,,,,,,,,,,,
	2020-07-19,24,26.6,,,,,,,,,,,,,,,,,,,,,,,,,,,,,,,
	2020-07-20,23.8,26.6,,,,,,,,,,,,,,,,,,,,,,,,,,,,,,,
	2020-07-21,25,30.5,,,,,,,,,,,,,,,,,,,,,,,,,,,,,,,
	2020-07-22,23.7,25.7,,,,,,,,,,,,,,,,,,,,,,,,,,,,,,,
	2020-07-23,21.1,22.6,,,,,,,,,,,,,,,,,,,,,,,,,,,,,,,
	2020-07-24,22.5,26.8,,,,,,,,,,,,,,,,,,,,,,,,,,,,,,,
	2020-07-25,24.3,29,,,,,,,,,,,,,,,,,,,,,,,,,,,,,,,
	2020-07-26,25.4,29.6,,,,,,,,,,,,,,,,,,,,,,,,,,,,,,,
	2020-07-27,24.3,25.5,,,,,,,,,,,,,,,,,,,,,,,,,,,,,,,
	2020-07-28,24.4,26.4,,,,,,,,,,,,,,,,,,,,,,,,,,,,,,,
	2020-07-29,23.7,24.9,,,,,,,,,,,,,,,,,,,,,,,,,,,,,,,
	2020-07-30,25.3,28.4,,,,,,,,,,,,,,,,,,,,,,,,,,,,,,,
	2020-07-31,26.2,29.6,,,,,,,,,,,,,,,,,,,,,,,,,,,,,,,
	2020-08-01,25.3,26.9,,,,,,,,,,,,,,,,,,,,,,,,,,,,,,,
	2020-08-02,24.9,26.4,,,,,,,,,,,,,,,,,,,,,,,,,,,,,,,
	2020-08-03,25,26.3,,,,,,,,,,,,,,,,,,,,,,,,,,,,,,,
	2020-08-04,27,29.4,,,,,,,,,,,,,,,,,,,,,,,,,,,,,,,
	2020-08-05,26.5,29.1,,,,,,,,,,,,,,,,,,,,,,,,,,,,,,,
	2020-08-06,24.1,26,,,,,,,,,,,,,,,,,,,,,,,,,,,,,,,
	2020-08-07,24.3,26.1,,,,,,,,,,,,,,,,,,,,,,,,,,,,,,,
	2020-08-08,24.2,26.1,,,,,,,,,,,,,,,,,,,,,,,,,,,,,,,
	2020-08-09,24.9,25.8,,,,,,,,,,,,,,,,,,,,,,,,,,,,,,,
	2020-08-10,26.5,29.5,,,,,,,,,,,,,,,,,,,,,,,,,,,,,,,
	2020-08-11,24.6,27.3,,,,,,,,,,,,,,,,,,,,,,,,,,,,,,,
	2020-08-12,27.2,31.3,,,,,,,,,,,,,,,,,,,,,,,,,,,,,,,
	2020-08-13,28,30.3,,,,,,,,,,,,,,,,,,,,,,,,,,,,,,,
	2020-08-14,27.1,28,,,,,,,,,,,,,,,,,,,,,,,,,,,,,,,
	2020-08-15,26.1,27,,,,,,,,,,,,,,,,,,,,,,,,,,,,,,,
	2020-08-16,27.4,30.8,,,,,,,,,,,,,,,,,,,,,,,,,,,,,,,
	2020-08-17,28.2,32.2,,,,,,,,,,,,,,,,,,,,,,,,,,,,,,,
	2020-08-18,27.5,31.9,,,,,,,,,,,,,,,,,,,,,,,,,,,,,,,
	2020-08-19,27.1,31.4,,,,,,,,,,,,,,,,,,,,,,,,,,,,,,,
	2020-08-20,27.7,31.7,,,,,,,,,,,,,,,,,,,,,,,,,,,,,,,
	2020-08-21,26.6,29.2,,,,,,,,,,,,,,,,,,,,,,,,,,,,,,,
	2020-08-22,24.3,27.6,,,,,,,,,,,,,,,,,,,,,,,,,,,,,,,
	2020-08-23,25.3,29.9,,,,,,,,,,,,,,,,,,,,,,,,,,,,,,,
	2020-08-24,27.8,32,,,,,,,,,,,,,,,,,,,,,,,,,,,,,,,
	2020-08-25,29.9,34.5,,,,,,,,,,,,,,,,,,,,,,,,,,,,,,,
	2020-08-26,30.2,34.5,,,,,,,,,,,,,,,,,,,,,,,,,,,,,,,
	2020-08-27,27.1,28.6,,,,,,,,,,,,,,,,,,,,,,,,,,,,,,,
	2020-08-28,27.3,29.7,,,,,,,,,,,,,,,,,,,,,,,,,,,,,,,
	2020-08-29,26.8,29,,,,,,,,,,,,,,,,,,,,,,,,,,,,,,,
	2020-08-30,26.8,30.6,,,,,,,,,,,,,,,,,,,,,,,,,,,,,,,
	2020-08-31,26.4,30,,,,,,,,,,,,,,,,,,,,,,,,,,,,,,,
	2021-06-01,20.2,23.9,,,,,,,,,,,,,,,,,,,,,,,,,,,,,,,
	2021-06-02,23.2,29.7,,,,,,,,,,,,,,,,,,,,,,,,,,,,,,,
	2021-06-03,19.1,22.7,,,,,,,,,,,,,,,,,,,,,,,,,,,,,,,
	2021-06-04,18.5,23.6,,,,,,,,,,,,,,,,,,,,,,,,,,,,,,,
	2021-06-05,20.8,25.7,,,,,,,,,,,,,,,,,,,,,,,,,,,,,,,
	2021-06-06,23,28.2,,,,,,,,,,,,,,,,,,,,,,,,,,,,,,,
	2021-06-07,21.1,24,,,,,,,,,,,,,,,,,,,,,,,,,,,,,,,
	2021-06-08,23.6,29.5,,,,,,,,,,,,,,,,,,,,,,,,,,,,,,,
	2021-06-09,25.8,31.6,,,,,,,,,,,,,,,,,,,,,,,,,,,,,,,
	2021-06-10,24.9,29.8,,,,,,,,,,,,,,,,,,,,,,,,,,,,,,,
	2021-06-11,21.5,24.4,,,,,,,,,,,,,,,,,,,,,,,,,,,,,,,
	2021-06-12,24.2,30.2,,,,,,,,,,,,,,,,,,,,,,,,,,,,,,,
	2021-06-13,24.8,29.7,,,,,,,,,,,,,,,,,,,,,,,,,,,,,,,
	2021-06-14,24.8,30.2,,,,,,,,,,,,,,,,,,,,,,,,,,,,,,,
	2021-06-15,22.5,25.3,,,,,,,,,,,,,,,,,,,,,,,,,,,,,,,
	2021-06-16,24.3,28.9,,,,,,,,,,,,,,,,,,,,,,,,,,,,,,,
	2021-06-17,21.9,25,,,,,,,,,,,,,,,,,,,,,,,,,,,,,,,
	2021-06-18,20,21.4,,,,,,,,,,,,,,,,,,,,,,,,,,,,,,,
	2021-06-19,22.3,27.4,,,,,,,,,,,,,,,,,,,,,,,,,,,,,,,
	2021-06-20,22.9,29,,,,,,,,,,,,,,,,,,,,,,,,,,,,,,,
	2021-06-21,23.6,28.5,,,,,,,,,,,,,,,,,,,,,,,,,,,,,,,
	2021-06-22,22.8,28.6,,,,,,,,,,,,,,,,,,,,,,,,,,,,,,,
	2021-06-23,22.4,27.9,,,,,,,,,,,,,,,,,,,,,,,,,,,,,,,
	2021-06-24,23,28,,,,,,,,,,,,,,,,,,,,,,,,,,,,,,,
	2021-06-25,24.1,29.5,,,,,,,,,,,,,,,,,,,,,,,,,,,,,,,
	2021-06-26,22.8,26.7,,,,,,,,,,,,,,,,,,,,,,,,,,,,,,,
	2021-06-27,24.5,30.8,,,,,,,,,,,,,,,,,,,,,,,,,,,,,,,
	2021-06-28,23.7,29.2,,,,,,,,,,,,,,,,,,,,,,,,,,,,,,,
	2021-06-29,23.9,28.4,,,,,,,,,,,,,,,,,,,,,,,,,,,,,,,
	2021-06-30,24.3,28.8,,,,,,,,,,,,,,,,,,,,,,,,,,,,,,,
	2021-07-01,26.3,31,,,,,,,,,,,,,,,,,,,,,,,,,,,,,,,
	2021-07-02,27.1,31.8,,,,,,,,,,,,,,,,,,,,,,,,,,,,,,,
	2021-07-03,22.6,25.7,,,,,,,,,,,,,,,,,,,,,,,,,,,,,,,
	2021-07-04,21.4,23.1,,,,,,,,,,,,,,,,,,,,,,,,,,,,,,,
	2021-07-05,23.3,26.9,,,,,,,,,,,,,,,,,,,,,,,,,,,,,,,
	2021-07-06,25.3,30.1,,,,,,,,,,,,,,,,,,,,,,,,,,,,,,,
	2021-07-07,26.4,29.1,,,,,,,,,,,,,,,,,,,,,,,,,,,,,,,
	2021-07-08,26,29.8,,,,,,,,,,,,,,,,,,,,,,,,,,,,,,,
	2021-07-09,25.5,29.2,,,,,,,,,,,,,,,,,,,,,,,,,,,,,,,
	2021-07-10,25.9,29.2,,,,,,,,,,,,,,,,,,,,,,,,,,,,,,,
	2021-07-11,25.7,27.5,,,,,,,,,,,,,,,,,,,,,,,,,,,,,,,
	2021-07-12,28.1,32.5,,,,,,,,,,,,,,,,,,,,,,,,,,,,,,,
	2021-07-13,28.8,31.5,,,,,,,,,,,,,,,,,,,,,,,,,,,,,,,
	2021-07-14,29.7,33.5,,,,,,,,,,,,,,,,,,,,,,,,,,,,,,,
	2021-07-15,29.1,34.5,,,,,,,,,,,,,,,,,,,,,,,,,,,,,,,
	2021-07-16,28.8,35.2,,,,,,,,,,,,,,,,,,,,,,,,,,,,,,,
	2021-07-17,29.1,32.8,,,,,,,,,,,,,,,,,,,,,,,,,,,,,,,
	2021-07-18,29.6,34.1,,,,,,,,,,,,,,,,,,,,,,,,,,,,,,,
	2021-07-19,26.4,30.5,,,,,,,,,,,,,,,,,,,,,,,,,,,,,,,
	2021-07-20,27.9,31.8,,,,,,,,,,,,,,,,,,,,,,,,,,,,,,,
	2021-07-21,30.5,35.3,,,,,,,,,,,,,,,,,,,,,,,,,,,,,,,
	2021-07-22,31.2,35.9,,,,,,,,,,,,,,,,,,,,,,,,,,,,,,,
	2021-07-23,31.2,35.8,,,,,,,,,,,,,,,,,,,,,,,,,,,,,,,
	2021-07-24,31.7,36.5,,,,,,,,,,,,,,,,,,,,,,,,,,,,,,,
	2021-07-25,31.5,35.9,,,,,,,,,,,,,,,,,,,,,,,,,,,,,,,
	2021-07-26,31.2,35.4,,,,,,,,,,,,,,,,,,,,,,,,,,,,,,,
	2021-07-27,31.1,35.7,,,,,,,,,,,,,,,,,,,,,,,,,,,,,,,
	2021-07-28,30.4,34.7,,,,,,,,,,,,,,,,,,,,,,,,,,,,,,,
	2021-07-29,29.6,33.3,,,,,,,,,,,,,,,,,,,,,,,,,,,,,,,
	2021-07-30,30.5,35.4,,,,,,,,,,,,,,,,,,,,,,,,,,,,,,,
	2021-07-31,29.8,34.3,,,,,,,,,,,,,,,,,,,,,,,,,,,,,,,
	2021-08-01,27.1,28.8,,,,,,,,,,,,,,,,,,,,,,,,,,,,,,,
	2021-08-02,26.5,28.6,,,,,,,,,,,,,,,,,,,,,,,,,,,,,,,
	2021-08-03,28,31.4,,,,,,,,,,,,,,,,,,,,,,,,,,,,,,,
	2021-08-04,28.9,33.2,,,,,,,,,,,,,,,,,,,,,,,,,,,,,,,
	2021-08-05,29.4,33.7,,,,,,,,,,,,,,,,,,,,,,,,,,,,,,,
	2021-08-06,28.1,32.2,,,,,,,,,,,,,,,,,,,,,,,,,,,,,,,
	2021-08-07,28,32.3,,,,,,,,,,,,,,,,,,,,,,,,,,,,,,,
	2021-08-08,26.8,32.1,,,,,,,,,,,,,,,,,,,,,,,,,,,,,,,
	2021-08-09,28.3,33.6,,,,,,,,,,,,,,,,,,,,,,,,,,,,,,,
	2021-08-10,27.7,32.2,,,,,,,,,,,,,,,,,,,,,,,,,,,,,,,
	2021-08-11,27.4,31.6,,,,,,,,,,,,,,,,,,,,,,,,,,,,,,,
	2021-08-12,26.8,31.7,,,,,,,,,,,,,,,,,,,,,,,,,,,,,,,
	2021-08-13,26.6,30.1,,,,,,,,,,,,,,,,,,,,,,,,,,,,,,,
	2021-08-14,26.1,30.5,,,,,,,,,,,,,,,,,,,,,,,,,,,,,,,
	2021-08-15,26.9,32.4,,,,,,,,,,,,,,,,,,,,,,,,,,,,,,,
	2021-08-16,27.3,32.8,,,,,,,,,,,,,,,,,,,,,,,,,,,,,,,
	2021-08-17,25.9,31.3,,,,,,,,,,,,,,,,,,,,,,,,,,,,,,,
	2021-08-18,24.3,31,,,,,,,,,,,,,,,,,,,,,,,,,,,,,,,
	2021-08-19,26,31.5,,,,,,,,,,,,,,,,,,,,,,,,,,,,,,,
	2021-08-20,26.6,30.7,,,,,,,,,,,,,,,,,,,,,,,,,,,,,,,
	2021-08-21,23.8,25.5,,,,,,,,,,,,,,,,,,,,,,,,,,,,,,,
	2021-08-22,24.4,27,,,,,,,,,,,,,,,,,,,,,,,,,,,,,,,
	2021-08-23,22.4,24,,,,,,,,,,,,,,,,,,,,,,,,,,,,,,,
	2021-08-24,23.4,26.4,,,,,,,,,,,,,,,,,,,,,,,,,,,,,,,
	2021-08-25,25,27.3,,,,,,,,,,,,,,,,,,,,,,,,,,,,,,,
	2021-08-26,25.5,27.9,,,,,,,,,,,,,,,,,,,,,,,,,,,,,,,
	2021-08-27,22.4,25.5,,,,,,,,,,,,,,,,,,,,,,,,,,,,,,,
	2021-08-28,23.6,28.2,,,,,,,,,,,,,,,,,,,,,,,,,,,,,,,
	2021-08-29,23.7,26.3,,,,,,,,,,,,,,,,,,,,,,,,,,,,,,,
	2021-08-30,24.2,27.7,,,,,,,,,,,,,,,,,,,,,,,,,,,,,,,
	2021-08-31,20.5,23.1,,,,,,,,,,,,,,,,,,,,,,,,,,,,,,,
	2022-06-01,22.1,28.6,,,,,,,,,,,,,,,,,,,,,,,,,,,,,,,
	2022-06-02,21.5,26.9,,,,,,,,,,,,,,,,,,,,,,,,,,,,,,,
	2022-06-03,24.5,32.6,,,,,,,,,,,,,,,,,,,,,,,,,,,,,,,
	2022-06-04,25.6,29.7,,,,,,,28.6,,,,,,,,,,,,,,,,,,,,,,,,
	2022-06-05,22.7,27,,,,,,,26.9,,,,,,,,,,,,,,,,,,,,,,,,
	2022-06-06,19.7,24.5,,,,,,,32.6,,,,,,,,,,,,,,,,,,,,,,,,
	2022-06-07,20.6,25.1,,,,,,,29.7,,,,,,,,,,,,,,,,,,,,,,,,
	2022-06-08,21.2,25.8,,,,,,,27,,,,,,,,,,,,,,,,,,,,,,,,
	2022-06-09,20.9,24.5,,,,,,,24.5,,,,,,,,,,,,,,,,,,,,,,,,
	2022-06-10,20.9,26.6,,,,,,,25.1,,,,,,,,,,,,,,,,,,,,,,,,
	2022-06-11,24.6,32.7,,,,,,,25.8,,,,,,,,,,,,,,,,,,,,,,,,
	2022-06-12,24.6,31.5,,,,,,,24.5,,,,,,,,,,,,,,,,,,,,,,,,
	2022-06-13,23.6,29.2,,,,,,,26.6,,,,,,,,,,,,,,,,,,,,,,,,
	2022-06-14,21.5,27.1,,,,,,,32.7,,,,,,,,,,,,,,,,,,,,,,,,
	2022-06-15,17.5,20.1,,,,,,,31.5,,,,,,,,,,,,,,,,,,,,,,,,
	2022-06-16,20.3,24.8,,,,,,,29.2,,,,,,,,,,,,,,,,,,,,,,,,
	2022-06-17,22.5,28.1,,,,,,,27.1,,,,,,,,,,,,,,,,,,,,,,,,
	2022-06-18,23.3,25.1,,,,,,,20.1,,,,,,,,,,,,,,,,,,,,,,,,
	2022-06-19,23.4,25.1,,,,,,,24.8,,,,,,,,,,,,,,,,,,,,,,,,
	2022-06-20,25.2,29,,,,,,,28.1,,,,,,,,,,,,,,,,,,,,,,,,
	2022-06-21,26.5,32.6,,,,,,,25.1,,,,,,,,,,,,,,,,,,,,,,,,
	2022-06-22,25.9,31,,,,,,,25.1,,,,,,,,,,,,,,,,,,,,,,,,
	2022-06-23,24.3,26.4,,,,,,,29,,,,,,,,,,,,,,,,,,,,,,,,
	2022-06-24,22.6,24.9,,,,,,,32.6,,,,,,,,,,,,,,,,,,,,,,,,
	2022-06-25,26,30.5,,,,,,,31,,,,,,,,,,,,,,,,,,,,,,,,
	2022-06-26,26.5,28.1,,,,,,,26.4,,,,,,,,,,,,,,,,,,,,,,,,
	2022-06-27,26.8,28.1,,,,,,,24.9,,,,,,,,,,,,,,,,,,,,,,,,
	2022-06-28,26.9,27.9,,,,,,,30.5,,,,,,,,,,,,,,,,,,,,,,,,
	2022-06-29,25.1,26.1,,,,,,,28.1,,,,,,,,,,,,,,,,,,,,,,,,
	2022-06-30,22.3,24.5,,,,,,,28.1,,,,,,,,,,,,,,,,,,,,,,,,
	2022-07-01,26.6,30.9,,,,,,,27.9,,,,,,,,,,,,,,,,,,,,,,,,
	2022-07-02,28.8,33.8,,,,,,,26.1,,,,,,,,,,,,,,,,,,,,,,,,
	2022-07-03,29.3,34.2,,,,,,,24.5,,,,,,,,,,,,,,,,,,,,,,,,
	2022-07-04,29.3,32.6,,,,,,,30.9,,,,,,,,,,,,,,,,,,,,,,,,
	2022-07-05,29.2,33.1,,,,,,,33.8,,,,,,,,,,,,,,,,,,,,,,,,
	2022-07-06,29.5,33.3,,,,,,,34.2,,,,,,,,,,,,,,,,,,,,,,,,
	2022-07-07,28.2,31,,,,,,,32.6,,,,,,,,,,,,,,,,,,,,,,,,
	2022-07-08,25.8,27.9,,,,,,,33.1,,,,,,,,,,,,,,,,,,,,,,,,
	2022-07-09,26.9,30.9,,,,,,,33.3,,,,,,,,,,,,,,,,,,,,,,,,
	2022-07-10,29.2,35.1,,,,,,,31,,,,,,,,,,,,,,,,,,,,,,,,
	2022-07-11,27,30.6,,,,,,,27.9,,,,,,,,,,,,,,,,,,,,,,,,
	2022-07-12,26.8,29.4,,,,,,,30.9,,,,,,,,,,,,,,,,,,,,,,,,
	2022-07-13,25,27.1,,,,,,,35.1,,,,,,,,,,,,,,,,,,,,,,,,
	2022-07-14,25.7,29.9,,,,,,,30.6,,,,,,,,,,,,,,,,,,,,,,,,
	2022-07-15,26,30.3,,,,,,,29.4,,,,,,,,,,,,,,,,,,,,,,,,
	2022-07-16,24.8,28.2,,,,,,,27.1,,,,,,,,,,,,,,,,,,,,,,,,
	2022-07-17,25.5,29.7,,,,,,,29.9,,,,,,,,,,,,,,,,,,,,,,,,
	2022-07-18,26.8,30.1,,,,,,,30.3,,,,,,,,,,,,,,,,,,,,,,,,
	2022-07-19,27.4,31.1,,,,,,,28.2,,,,,,,,,,,,,,,,,,,,,,,,
	2022-07-20,27.1,30.4,,,,,,,29.7,,,,,,,,,,,,,,,,,,,,,,,,
	2022-07-21,23.2,25.2,,,,,,,30.1,,,,,,,,,,,,,,,,,,,,,,,,
	2022-07-22,25.1,27.5,,,,,,,31.1,,,,,,,,,,,,,,,,,,,,,,,,
	2022-07-23,24.8,28,,,,,,,30.4,,,,,,,,,,,,,,,,,,,,,,,,
	2022-07-24,25,28.4,,,,,,,25.2,,,,,,,,,,,,,,,,,,,,,,,,
	2022-07-25,27.5,32,,,,,,,27.5,,,,,,,,,,,,,,,,,,,,,,,,
	2022-07-26,28.9,33.1,,,,,,,28,,,,,,,,,,,,,,,,,,,,,,,,
	2022-07-27,29.3,33.4,,,,,,,28.4,,,,,,,,,,,,,,,,,,,,,,,,
	2022-07-28,29.7,34.4,,,,,,,32,,,,,,,,,,,,,,,,,,,,,,,,
	2022-07-29,30.7,34.3,,,,,,,33.1,,,,,,,,,,,,,,,,,,,,,,,,
	2022-07-30,30.9,36.1,,,,,,,33.4,,,,,,,,,,,,,,,,,,,,,,,,
	2022-07-31,27.2,29,,,,,,,34.4,,,,,,,,,,,,,,,,,,,,,,,,
	2022-08-01,28.6,32.4,,,,,,,34.3,,,,,,,,,,,,,,,,,,,,,,,,
	2022-08-02,26.8,28.5,,,,,,,36.1,,,,,,,,,,,,,,,,,,,,,,,,
	2022-08-03,27.1,30,,,,,,,29,,,,,,,,,,,,,,,,,,,,,,,,
	2022-08-04,28.9,32.9,,,,,,,32.4,,,,,,,,,,,,,,,,,,,,,,,,
	2022-08-05,29.4,32.7,,,,,,,28.5,,,,,,,,,,,,,,,,,,,,,,,,
	2022-08-06,28.7,30.3,,,,,,,30,,,,,,,,,,,,,,,,,,,,,,,,
	2022-08-07,28.9,31.7,,,,,,,32.9,,,,,,,,,,,,,,,,,,,,,,,,
	2022-08-08,26.8,28.4,,,,,,,32.7,,,,,,,,,,,,,,,,,,,,,,,,
	2022-08-09,25.1,26.5,,,,,,,30.3,,,,,,,,,,,,,,,,,,,,,,,,
	2022-08-10,24.7,28.8,,,,,,,31.7,,,,,,,,,,,,,,,,,,,,,,,,
	2022-08-11,25,27.5,,,,,,,28.4,,,,,,,,,,,,,,,,,,,,,,,,
	2022-08-12,27,32.4,,,,,,,26.5,,,,,,,,,,,,,,,,,,,,,,,,
	2022-08-13,25.8,27.5,,,,,,,28.8,,,,,,,,,,,,,,,,,,,,,,,,
	2022-08-14,27.6,31.5,,,,,,,27.5,,,,,,,,,,,,,,,,,,,,,,,,
	2022-08-15,28.1,29.8,,,,,,,32.4,,,,,,,,,,,,,,,,,,,,,,,,
	2022-08-16,26.7,30,,,,,,,27.5,,,,,,,,,,,,,,,,,,,,,,,,
	2022-08-17,26,30.5,,,,,,,31.5,,,,,,,,,,,,,,,,,,,,,,,,
	2022-08-18,25.6,29.8,,,,,,,29.8,,,,,,,,,,,,,,,,,,,,,,,,
	2022-08-19,26,27.5,,,,,,,30,,,,,,,,,,,,,,,,,,,,,,,,
	2022-08-20,28.2,32,,,,,,,30.5,,,,,,,,,,,,,,,,,,,,,,,,
	2022-08-21,28.1,32,,,,,,,29.8,,,,,,,,,,,,,,,,,,,,,,,,
	2022-08-22,26.8,30.2,,,,,,,27.5,,,,,,,,,,,,,,,,,,,,,,,,
	2022-08-23,25.4,30.2,,,,,,,32,,,,,,,,,,,,,,,,,,,,,,,,
	2022-08-24,24.8,27.9,,,,,,,32,,,,,,,,,,,,,,,,,,,,,,,,
	2022-08-25,22.2,24,,,,,,,30.2,,,,,,,,,,,,,,,,,,,,,,,,
	2022-08-26,23.8,28.4,,,,,,,30.2,,,,,,,,,,,,,,,,,,,,,,,,
	2022-08-27,21.5,25.5,,,,,,,27.9,,,,,,,,,,,,,,,,,,,,,,,,
	2022-08-28,22.6,28.4,,,,,,,24,,,,,,,,,,,,,,,,,,,,,,,,
	2022-08-29,21,22.5,,,,,,,28.4,,,,,,,,,,,,,,,,,,,,,,,,
	2022-08-30,19.1,20.3,,,,,,,25.5,,,,,,,,,,,,,,,,,,,,,,,,
	2022-08-31,21.7,24.9,,,,,,,28.4,,,,,,,,,,,,,,,,,,,,,,,,
	,,,,,,,,,22.5,,,,,,,,,,,,,,,,,,,,,,,,
,,,,,,,,,20.3,,,,,,,,,,,,,,,,,,,,,,,,
,,,,,,,,,24.9,,,,,,,,,,,,,,,,,,,,,,,,
,,,,,,,,,36.1,,,,,,,,,,,,,,,,,,,,,,,,
